/*******************************************************************************
 * Size: 188 px
 * Bpp: 4
 * Opts: --font ttf/InstrumentSerif-Regular.ttf -r 0x25,0x2C-0x2E,0x30-0x39,0xB0 --size 188 --bpp 4 --format lvgl --lv-font-name font_instrument_serif_hero -o ../../main/displays/fonts/font_instrument_serif_hero.c
 ******************************************************************************/

#ifdef LV_LVGL_H_INCLUDE_SIMPLE
#include "lvgl.h"
#else
#include "lvgl/lvgl.h"
#endif

#ifndef FONT_INSTRUMENT_SERIF_HERO
#define FONT_INSTRUMENT_SERIF_HERO 1
#endif

#if FONT_INSTRUMENT_SERIF_HERO

/*-----------------
 *    BITMAPS
 *----------------*/

/*Store the image of the glyphs*/
static LV_ATTRIBUTE_LARGE_CONST const uint8_t glyph_bitmap[] = {
    /* U+0025 "%" */
    0x0, 0xff, 0xe3, 0x1b, 0xde, 0xf7, 0xfb, 0xb6,
    0x9c, 0xc0, 0x3f, 0xff, 0xe0, 0x1f, 0xf0, 0xc7,
    0x64, 0x21, 0x8, 0x0, 0x49, 0x63, 0x39, 0xc4,
    0x3, 0xff, 0xd8, 0x24, 0x20, 0x1f, 0xfc, 0xb8,
    0xe7, 0x10, 0xf, 0xfe, 0x0, 0xc7, 0x38, 0x7,
    0xff, 0xa5, 0xff, 0xb7, 0xbc, 0xc0, 0x3f, 0xf8,
    0xe9, 0xce, 0x1, 0xf0, 0x99, 0x84, 0x3, 0xe8,
    0xd2, 0x0, 0xff, 0xf3, 0x24, 0x0, 0x73, 0x0,
    0x7f, 0xf1, 0x9e, 0xc4, 0x3, 0x8a, 0x7b, 0x99,
    0x8e, 0xd8, 0x10, 0xe, 0x2d, 0x40, 0xf, 0xff,
    0x2d, 0x0, 0x70, 0xa8, 0x7, 0xff, 0x16, 0x20,
    0x1, 0xe7, 0xd6, 0x10, 0xc, 0x4f, 0xcc, 0x1,
    0xeb, 0x50, 0xf, 0xff, 0x1c, 0x8, 0x7, 0x58,
    0x7, 0xff, 0x16, 0x1c, 0x3, 0xd5, 0x0, 0x1f,
    0xe9, 0x80, 0xf, 0x52, 0x80, 0x7f, 0xf8, 0x49,
    0xc0, 0x38, 0xd4, 0x3, 0xff, 0x88, 0xce, 0x1,
    0xe9, 0x50, 0xf, 0xfe, 0x3, 0xc0, 0x7, 0xa8,
    0xc0, 0x3f, 0xfc, 0x12, 0x1, 0xee, 0x0, 0xff,
    0xe2, 0x1c, 0x80, 0x79, 0x98, 0x1, 0xff, 0xc2,
    0x74, 0x0, 0xf6, 0x88, 0x7, 0xff, 0x79, 0x50,
    0x3, 0x9c, 0x80, 0x3f, 0xf8, 0x63, 0xa0, 0x1e,
    0x19, 0x0, 0xff, 0xe2, 0x50, 0x7, 0x86, 0x80,
    0x3f, 0xfb, 0xd6, 0x1, 0xc3, 0x0, 0x1f, 0xfc,
    0x48, 0x10, 0xf, 0x40, 0x7, 0xff, 0x14, 0x5c,
    0x3, 0xc8, 0xa0, 0x1f, 0xfd, 0xc8, 0x10, 0xe,
    0xb0, 0xf, 0xfe, 0x21, 0xb0, 0x7, 0x85, 0x80,
    0x3f, 0xf8, 0xd2, 0x1, 0xf5, 0x80, 0x7f, 0xf6,
    0xc9, 0xc0, 0x38, 0xd4, 0x3, 0xff, 0x89, 0xe0,
    0x1f, 0x30, 0x7, 0xff, 0x1c, 0x58, 0x3, 0xc3,
    0x0, 0x1f, 0xfd, 0xa9, 0x0, 0xf7, 0x0, 0x7f,
    0xf1, 0x10, 0xc0, 0x3e, 0xa0, 0xf, 0xfe, 0x46,
    0x80, 0x7c, 0xe2, 0x1, 0xff, 0xd8, 0x54, 0x0,
    0xe7, 0x20, 0xf, 0xfe, 0x27, 0x80, 0x7c, 0x44,
    0x0, 0xff, 0xe4, 0x20, 0x7, 0xe9, 0x0, 0xff,
    0xec, 0x58, 0x7, 0xc, 0x0, 0x7f, 0xf1, 0x9,
    0x0, 0x3e, 0x40, 0xf, 0xfe, 0x52, 0x0, 0x7c,
    0xc0, 0x1f, 0xfd, 0x78, 0x10, 0xe, 0xb0, 0xf,
    0xfe, 0x2d, 0x80, 0x7e, 0xc0, 0xf, 0xfe, 0x56,
    0x0, 0x7c, 0x2c, 0x1, 0xff, 0xd5, 0x27, 0x0,
    0xe4, 0x50, 0xf, 0xfe, 0x2b, 0x80, 0x7e, 0x70,
    0xf, 0xfe, 0x51, 0x80, 0x7e, 0xd0, 0xf, 0xfe,
    0xac, 0x80, 0x7a, 0x40, 0x3f, 0xf8, 0xa6, 0x20,
    0x1f, 0x88, 0x3, 0xff, 0x94, 0xa0, 0x1f, 0x90,
    0x40, 0x3f, 0xfa, 0x6a, 0x80, 0x1c, 0xe4, 0x1,
    0xff, 0xc5, 0xa0, 0xf, 0xc6, 0x1, 0xff, 0xcb,
    0x11, 0x0, 0x7e, 0x70, 0xf, 0xfe, 0x9d, 0x80,
    0x70, 0xc0, 0x7, 0xff, 0x19, 0x0, 0x3f, 0x30,
    0x7, 0xff, 0x30, 0x80, 0x3f, 0x68, 0x7, 0xff,
    0x4a, 0x4, 0x3, 0xac, 0x3, 0xff, 0x8c, 0x24,
    0x1, 0xf8, 0x80, 0x3f, 0xf9, 0x8c, 0x1, 0xf9,
    0x40, 0x3f, 0xfa, 0x24, 0xe0, 0x1c, 0x8a, 0x1,
    0xff, 0xc6, 0x50, 0xf, 0xef, 0x0, 0xff, 0xe6,
    0x10, 0x7, 0xe1, 0x20, 0xf, 0xfe, 0x84, 0x80,
    0x7a, 0x40, 0x3f, 0xf8, 0xf8, 0x1, 0xfc, 0x40,
    0x1f, 0xfc, 0xcf, 0x0, 0xfe, 0x40, 0xf, 0xfe,
    0x7a, 0xa0, 0x7, 0x39, 0x0, 0x7f, 0xf1, 0xcc,
    0x3, 0xf8, 0x40, 0x3f, 0xf9, 0x82, 0x1, 0xfd,
    0xe0, 0x1f, 0xfc, 0xfb, 0x0, 0xe1, 0x80, 0xf,
    0xfe, 0x43, 0x0, 0x7f, 0x38, 0x7, 0xff, 0x30,
    0x80, 0x3f, 0x88, 0x3, 0xff, 0x9d, 0x2, 0x1,
    0xd6, 0x1, 0xff, 0xc9, 0x20, 0xf, 0xe1, 0x0,
    0xff, 0xeb, 0x30, 0x7, 0xff, 0x34, 0x9c, 0x3,
    0x91, 0x40, 0x3f, 0xf9, 0x2, 0x1, 0xfe, 0x30,
    0xf, 0xfe, 0x63, 0x80, 0x7f, 0x10, 0x7, 0xff,
    0x36, 0x40, 0x3d, 0x20, 0x1f, 0xfc, 0x93, 0x0,
    0xff, 0x8, 0x7, 0xff, 0x30, 0x40, 0x3f, 0xc2,
    0x1, 0xff, 0xcb, 0x54, 0x0, 0xe7, 0x20, 0xf,
    0xfe, 0x48, 0x80, 0x7f, 0xfe, 0xac, 0x3, 0x86,
    0x0, 0x3f, 0xf9, 0x4e, 0x1, 0xff, 0xd7, 0x30,
    0xf, 0xf1, 0x80, 0x7f, 0xf2, 0xa0, 0x40, 0x3a,
    0xc0, 0x3f, 0xff, 0x42, 0x1, 0xff, 0xc9, 0x27,
    0x0, 0xe4, 0x50, 0xf, 0xfe, 0x58, 0x80, 0x7f,
    0xf8, 0x9c, 0x3, 0xff, 0x93, 0x20, 0x1e, 0x90,
    0xf, 0xff, 0xdb, 0x80, 0x7f, 0xf2, 0x15, 0x0,
    0x39, 0xc8, 0x3, 0xff, 0x98, 0x20, 0x1f, 0xff,
    0x7b, 0x0, 0xe1, 0x80, 0xf, 0xff, 0xe0, 0x80,
    0x7f, 0xf1, 0xe0, 0x40, 0x3a, 0xc0, 0x3f, 0xf9,
    0xce, 0x1, 0xff, 0xd7, 0x30, 0xf, 0xf1, 0x80,
    0x7f, 0xf1, 0x89, 0xc0, 0x39, 0x14, 0x3, 0xff,
    0x9c, 0x20, 0x1f, 0xe1, 0x0, 0xff, 0xeb, 0x88,
    0x7, 0xff, 0x1a, 0x40, 0x3d, 0x20, 0x1f, 0xfc,
    0xf2, 0x0, 0xff, 0xeb, 0x88, 0x7, 0xf0, 0x80,
    0x7f, 0xf1, 0x95, 0x0, 0x39, 0xc8, 0x3, 0xff,
    0xa0, 0x20, 0x1f, 0xc6, 0x1, 0xff, 0xcc, 0x70,
    0xf, 0xe2, 0x0, 0xff, 0xe3, 0x58, 0x7, 0xc,
    0x0, 0x7f, 0xf4, 0x48, 0x3, 0xf8, 0x40, 0x3f,
    0xf9, 0x82, 0x1, 0xfc, 0xc0, 0x1f, 0xfc, 0x58,
    0x10, 0xe, 0xb0, 0xf, 0xfe, 0x93, 0x0, 0x7f,
    0x38, 0x7, 0xff, 0x30, 0xc0, 0x3f, 0x88, 0x3,
    0xff, 0x88, 0x4e, 0x1, 0xc8, 0xa0, 0x1f, 0xfd,
    0x2c, 0x0, 0xfe, 0x20, 0xf, 0xfe, 0x60, 0x80,
    0x7f, 0x60, 0x7, 0xff, 0x12, 0x40, 0x3d, 0x20,
    0x1f, 0xfd, 0x35, 0x0, 0xfe, 0x10, 0xf, 0xfe,
    0x67, 0x0, 0x7f, 0x28, 0x7, 0xff, 0xd, 0x50,
    0x3, 0x9c, 0x80, 0x3f, 0xfa, 0x66, 0x1, 0xfd,
    0xc0, 0x1f, 0xfc, 0xc2, 0x0, 0xfc, 0x42, 0x1,
    0xff, 0xc3, 0xb0, 0xe, 0x18, 0x0, 0xff, 0xea,
    0x98, 0x7, 0xe2, 0x0, 0xff, 0xe6, 0x30, 0x7,
    0xe4, 0x0, 0xff, 0xe1, 0xc0, 0x80, 0x75, 0x80,
    0x7f, 0xf5, 0xac, 0x3, 0xf3, 0x0, 0x7f, 0xf3,
    0x8, 0x3, 0xf6, 0x80, 0x7f, 0xf0, 0x89, 0xc0,
    0x39, 0x14, 0x3, 0xff, 0xac, 0xc0, 0x1f, 0x88,
    0x3, 0xff, 0x96, 0x40, 0x1f, 0x85, 0x0, 0x3f,
    0xf8, 0x5c, 0x1, 0xe9, 0x0, 0xff, 0xeb, 0x89,
    0x80, 0x7e, 0x30, 0xf, 0xfe, 0x53, 0x80, 0x7e,
    0x70, 0xf, 0xfe, 0x12, 0x98, 0x7, 0x39, 0x0,
    0x7f, 0xf6, 0x28, 0x3, 0xf2, 0x0, 0x7f, 0xf2,
    0xb4, 0x3, 0xf5, 0x0, 0x7f, 0xf0, 0xac, 0x3,
    0x86, 0x0, 0x3f, 0xfb, 0x2c, 0x20, 0x1f, 0x60,
    0x7, 0xff, 0x29, 0x0, 0x3e, 0x33, 0x0, 0x7f,
    0xf0, 0x60, 0x40, 0x3a, 0xc0, 0x3f, 0xfb, 0x6c,
    0x1, 0xf2, 0x0, 0x7f, 0xf2, 0x44, 0xc0, 0x3e,
    0x80, 0xf, 0xfe, 0x9, 0x38, 0x7, 0x22, 0x80,
    0x7f, 0xf6, 0xe4, 0x3, 0xf2, 0x0, 0x7f, 0xf2,
    0x1c, 0x3, 0xe2, 0x40, 0xf, 0xfe, 0xf, 0x0,
    0x7a, 0x40, 0x3f, 0xfb, 0x82, 0xe0, 0x1f, 0x70,
    0x7, 0xff, 0x23, 0x40, 0x3e, 0x90, 0xf, 0xfe,
    0xa, 0x98, 0x7, 0x39, 0x0, 0x7f, 0xf7, 0x60,
    0x40, 0x3c, 0xa2, 0x1, 0xff, 0xc6, 0x34, 0x0,
    0xf2, 0x20, 0x3, 0xff, 0x83, 0x60, 0x1c, 0x30,
    0x1, 0xff, 0xdf, 0xb0, 0xf, 0xa0, 0x3, 0xff,
    0x8d, 0x20, 0x1f, 0x48, 0x7, 0xff, 0x6, 0x44,
    0x3, 0xac, 0x3, 0xff, 0xc0, 0xaa, 0x0, 0xf3,
    0x10, 0x7, 0xff, 0x11, 0x14, 0x3, 0xd2, 0x40,
    0x1f, 0xfc, 0x2, 0x60, 0xe, 0x45, 0x0, 0xff,
    0xf0, 0xd1, 0x0, 0x7b, 0x80, 0x3f, 0xf8, 0x63,
    0x40, 0x1e, 0x56, 0x0, 0xff, 0xe0, 0xf0, 0x7,
    0xa4, 0x3, 0xff, 0xc7, 0xe0, 0x1e, 0x3a, 0x0,
    0xff, 0xe1, 0x50, 0x80, 0x71, 0x50, 0x7, 0xff,
    0x5, 0x4c, 0x3, 0x9c, 0x80, 0x3f, 0xfc, 0x65,
    0x80, 0x1e, 0x59, 0x0, 0xff, 0xe0, 0x52, 0x0,
    0x71, 0x60, 0x7, 0xff, 0xa, 0xc0, 0x38, 0x60,
    0x3, 0xff, 0xca, 0x78, 0x20, 0x1c, 0xd8, 0x40,
    0x1f, 0x8f, 0x54, 0x3, 0x8b, 0x4, 0x3, 0xff,
    0x83, 0x22, 0x1, 0xd6, 0x1, 0xff, 0xe7, 0x3c,
    0x20, 0xe, 0x3d, 0xa5, 0x10, 0x1, 0x2d, 0xe1,
    0x0, 0x71, 0xe0, 0x80, 0x7f, 0xf0, 0x49, 0x80,
    0x39, 0x14, 0x3, 0xff, 0xd0, 0x58, 0xa0, 0x1e,
    0x5a, 0xef, 0xf6, 0xd2, 0x0, 0x79, 0xf0, 0x40,
    0x3f, 0xf8, 0x5c, 0x1, 0xe9, 0x0, 0xff, 0xf5,
    0xd, 0x59, 0x0, 0x7f, 0xf1, 0x13, 0x20, 0x3,
    0xff, 0x86, 0xa6, 0x1, 0xce, 0x40, 0x1f, 0xfe,
    0xc4, 0xdb, 0x50, 0xf, 0xfe, 0x2, 0xe5, 0x98,
    0x7, 0xff, 0x12, 0xc0, 0x38, 0xa0, 0x3, 0xff,
    0xde, 0x95, 0xf7, 0xc, 0x89, 0x9a, 0x33, 0xe8,
    0xc0, 0x3f, 0xf8, 0xb2, 0x20, 0x1d, 0x20, 0x1f,
    0xff, 0x34, 0x79, 0xbb, 0xd2, 0xe6, 0x1, 0xff,
    0xc7, 0x26, 0x0, 0xe4, 0x40, 0x7, 0xff, 0xfc,
    0x3, 0xff, 0x8b, 0xc0, 0x1e, 0x90, 0xf, 0xff,
    0xf8, 0x7, 0xff, 0x15, 0x8c, 0x3, 0x9c, 0x80,
    0x3f, 0xff, 0xe0, 0x1f, 0xfc, 0x41, 0x80, 0xe,
    0x28, 0x0, 0xff, 0xff, 0x80, 0x7f, 0xf1, 0x60,
    0x40, 0x3a, 0x40, 0x3f, 0xff, 0xe0, 0x1f, 0xfc,
    0x53, 0x60, 0xe, 0x44, 0x0, 0x7f, 0xff, 0xc0,
    0x3f, 0xf8, 0xbe, 0x1, 0xe9, 0x0, 0xff, 0xff,
    0x80, 0x7f, 0xf1, 0x58, 0xc0, 0x39, 0xc8, 0x3,
    0xff, 0x8e, 0x6f, 0x35, 0x76, 0xa9, 0x63, 0x0,
    0xff, 0xf9, 0xc, 0x0, 0x71, 0x40, 0x7, 0xff,
    0x15, 0x2b, 0xf2, 0x19, 0x51, 0xa, 0xd3, 0x9f,
    0x46, 0x1, 0xff, 0xef, 0x81, 0x0, 0xe9, 0x0,
    0xff, 0xe2, 0x26, 0xda, 0x80, 0x7f, 0xf0, 0x17,
    0x30, 0x60, 0x1f, 0xfe, 0xc3, 0x60, 0xe, 0x44,
    0x0, 0x7f, 0xf0, 0x86, 0xec, 0x40, 0x1f, 0xfc,
    0x43, 0xc9, 0x0, 0xff, 0xf5, 0xf8, 0x7, 0xa4,
    0x3, 0xff, 0x84, 0x7e, 0x80, 0x1e, 0x5a, 0xdf,
    0xf6, 0xd2, 0x0, 0x79, 0xb4, 0x80, 0x3f, 0xfd,
    0xc, 0x60, 0x1d, 0x4, 0x1, 0xff, 0xc1, 0x4c,
    0x10, 0xe, 0x3d, 0xa5, 0x20, 0x1, 0x2d, 0xe1,
    0x80, 0x71, 0x61, 0x0, 0x7f, 0xf9, 0x86, 0x0,
    0x38, 0x9c, 0x3, 0xff, 0x82, 0x96, 0x1, 0xe6,
    0xc2, 0x0, 0xfc, 0x78, 0xa0, 0x1c, 0x38, 0x40,
    0x1f, 0xfe, 0x58, 0x10, 0xe, 0x90, 0xf, 0xfe,
    0x9, 0xd8, 0x7, 0x9a, 0x40, 0x3f, 0xf8, 0x14,
    0xa0, 0x1c, 0x38, 0x20, 0x1f, 0xfe, 0x33, 0x60,
    0xe, 0x44, 0x0, 0x7f, 0xf0, 0x7, 0x40, 0x3c,
    0x72, 0x1, 0xff, 0xc2, 0xa2, 0x0, 0xe1, 0xd0,
    0xf, 0xff, 0x1f, 0x80, 0x7a, 0x40, 0x3f, 0xf8,
    0x3a, 0x20, 0x1e, 0xe0, 0xf, 0xfe, 0x27, 0x0,
    0x78, 0xe4, 0x3, 0xff, 0xc2, 0xc6, 0x1, 0xd0,
    0x40, 0x1f, 0xfc, 0x6, 0x30, 0xf, 0x39, 0x0,
    0x7f, 0xf1, 0xd, 0x80, 0x3c, 0xc6, 0x1, 0xff,
    0xdf, 0x18, 0x0, 0xe2, 0x70, 0xf, 0xfe, 0x0,
    0xc8, 0x7, 0xd2, 0x1, 0xff, 0xc6, 0xb0, 0xf,
    0xbc, 0x3, 0xff, 0xbf, 0x2, 0x1, 0xd2, 0x1,
    0xff, 0xc1, 0xb0, 0xf, 0x98, 0x40, 0x3f, 0xf8,
    0xc4, 0x80, 0x1e, 0x36, 0x0, 0xff, 0xee, 0x9b,
    0x0, 0x72, 0x20, 0x3, 0xff, 0x80, 0x4a, 0x1,
    0xf6, 0x80, 0x7f, 0xf2, 0x38, 0x3, 0xe8, 0x0,
    0xff, 0xee, 0xf8, 0x7, 0xa4, 0x3, 0xff, 0x83,
    0x60, 0x1f, 0xa, 0x0, 0x7f, 0xf2, 0x14, 0x3,
    0xe1, 0x60, 0xf, 0xfe, 0xdb, 0x18, 0x7, 0x41,
    0x0, 0x7f, 0xf0, 0x5, 0x80, 0x3e, 0x40, 0xf,
    0xfe, 0x51, 0x80, 0x7d, 0x60, 0x1f, 0xfd, 0xa1,
    0x80, 0xe, 0x27, 0x0, 0xff, 0xe0, 0xb0, 0x7,
    0xec, 0x0, 0xff, 0xe5, 0x58, 0x7, 0xc4, 0x80,
    0x1f, 0xfd, 0x98, 0x10, 0xe, 0x90, 0xf, 0xfe,
    0x15, 0x0, 0x7e, 0x50, 0xf, 0xfe, 0x51, 0x80,
    0x7e, 0xe0, 0xf, 0xfe, 0xc1, 0xb0, 0x7, 0x2a,
    0x0, 0x7f, 0xf0, 0x48, 0x80, 0x1f, 0x8c, 0x3,
    0xff, 0x94, 0xa0, 0x1f, 0x94, 0x3, 0xff, 0xb1,
    0xe0, 0x1e, 0xb0, 0xf, 0xfe, 0x12, 0x80, 0x7e,
    0x20, 0xf, 0xfe, 0x58, 0x88, 0x3, 0xf2, 0x80,
    0x7f, 0xf5, 0x98, 0xc0, 0x3a, 0x4, 0x3, 0xff,
    0x85, 0x60, 0x1f, 0x98, 0x3, 0xff, 0x98, 0x40,
    0x1f, 0xbc, 0x3, 0xff, 0xaa, 0x30, 0x1, 0xc4,
    0xe0, 0x1f, 0xfc, 0x33, 0x0, 0xfc, 0x40, 0x1f,
    0xfc, 0xc6, 0x0, 0xfc, 0x80, 0x1f, 0xfd, 0x58,
    0x10, 0xe, 0x90, 0xf, 0xfe, 0x19, 0x80, 0x7f,
    0x70, 0x7, 0xff, 0x30, 0x80, 0x3f, 0x8, 0x80,
    0x3f, 0xfa, 0x66, 0xc0, 0x1c, 0xa8, 0x1, 0xff,
    0xc3, 0x40, 0xf, 0xe1, 0x0, 0xff, 0xe6, 0x78,
    0x7, 0xf2, 0x0, 0x7f, 0xf4, 0xfc, 0x3, 0xd6,
    0x1, 0xff, 0xc4, 0xd0, 0xf, 0xe2, 0x0, 0xff,
    0xe6, 0x8, 0x7, 0xf6, 0x80, 0x7f, 0xf4, 0x98,
    0xc0, 0x3a, 0x4, 0x3, 0xff, 0x88, 0xc0, 0x1f,
    0xce, 0x1, 0xff, 0xcc, 0x20, 0xf, 0xe3, 0x0,
    0xff, 0xe8, 0x8c, 0x0, 0x71, 0x38, 0x7, 0xff,
    0x14, 0x80, 0x3f, 0x84, 0x3, 0xff, 0x98, 0xe0,
    0x1f, 0xcc, 0x1, 0xff, 0xd1, 0x81, 0x0, 0xe9,
    0x0, 0xff, 0xe3, 0x8, 0x7, 0xff, 0x80, 0x80,
    0x3f, 0xfa, 0x6, 0xc0, 0x1c, 0xa8, 0x1, 0xff,
    0xc5, 0x20, 0xf, 0xf1, 0x80, 0x7f, 0xf3, 0x4,
    0x3, 0xfc, 0x20, 0x1f, 0xfc, 0xff, 0x0, 0xf5,
    0x80, 0x7f, 0xf1, 0x84, 0x3, 0xfc, 0x20, 0x1f,
    0xfc, 0xc3, 0x0, 0xff, 0x18, 0x7, 0xff, 0x39,
    0x8c, 0x3, 0xa0, 0x40, 0x3f, 0xff, 0xe0, 0x1f,
    0xfc, 0x41, 0x80, 0xe, 0x27, 0x0, 0xff, 0xe3,
    0xb8, 0x7, 0xff, 0x88, 0x40, 0x3f, 0xf9, 0xb0,
    0x20, 0x1d, 0x20, 0x1f, 0xfc, 0x81, 0x0, 0xff,
    0xf1, 0x38, 0x7, 0xff, 0x30, 0xd8, 0x3, 0x95,
    0x0, 0x3f, 0xff, 0xe0, 0x1f, 0xfc, 0x5f, 0x0,
    0xf5, 0x80, 0x7f, 0xf2, 0x44, 0x3, 0xff, 0xc4,
    0xe0, 0x1f, 0xfc, 0xb6, 0x30, 0xe, 0x81, 0x0,
    0xff, 0xe4, 0xb8, 0x7, 0xff, 0x88, 0x40, 0x3f,
    0xf9, 0x43, 0x0, 0x1c, 0x4e, 0x1, 0xff, 0xff,
    0x0, 0xff, 0xe2, 0xc0, 0x80, 0x74, 0x80, 0x7f,
    0xf2, 0xc4, 0x3, 0xfc, 0x20, 0x1f, 0xfc, 0xc3,
    0x0, 0xff, 0x18, 0x7, 0xff, 0x24, 0xd8, 0x3,
    0x95, 0x0, 0x3f, 0xf9, 0x64, 0x1, 0xfe, 0x30,
    0xf, 0xfe, 0x60, 0x80, 0x7f, 0x84, 0x3, 0xff,
    0x93, 0xe0, 0x1e, 0xb0, 0xf, 0xfe, 0x68, 0x80,
    0x7f, 0xf8, 0x8, 0x3, 0xff, 0x92, 0xc6, 0x1,
    0xd0, 0x20, 0x1f, 0xfc, 0xd2, 0x0, 0xfe, 0x10,
    0xf, 0xfe, 0x63, 0x80, 0x7f, 0x30, 0x7, 0xff,
    0x20, 0x60, 0x3, 0x89, 0xc0, 0x3f, 0xf9, 0xcc,
    0x1, 0xfc, 0xe0, 0x1f, 0xfc, 0xc1, 0x0, 0xfe,
    0x20, 0xf, 0xfe, 0x44, 0x8, 0x7, 0x48, 0x7,
    0xff, 0x3f, 0x40, 0x3f, 0x88, 0x3, 0xff, 0x98,
    0x40, 0x1f, 0xd8, 0x1, 0xff, 0xc7, 0x36, 0x0,
    0xe5, 0x40, 0xf, 0xfe, 0x7a, 0x0, 0x7f, 0x8,
    0x7, 0xff, 0x33, 0xc0, 0x3f, 0x9c, 0x3, 0xff,
    0x8f, 0xe0, 0x1e, 0xb0, 0xf, 0xfe, 0x81, 0x80,
    0x7f, 0x70, 0x7, 0xff, 0x30, 0x80, 0x3f, 0x9,
    0x0, 0x7f, 0xf1, 0x98, 0xc0, 0x3a, 0x4, 0x3,
    0xff, 0xa2, 0x60, 0x1f, 0x88, 0x3, 0xff, 0x98,
    0xc0, 0x1f, 0x90, 0x3, 0xff, 0x8c, 0x30, 0x1,
    0xc4, 0xe0, 0x1f, 0xfd, 0x24, 0x0, 0xfc, 0xc0,
    0x1f, 0xfc, 0xc2, 0x0, 0xfd, 0xe0, 0x1f, 0xfc,
    0x68, 0x10, 0xe, 0x90, 0xf, 0xfe, 0x9d, 0x0,
    0x7e, 0x20, 0xf, 0xfe, 0x58, 0x88, 0x3, 0xf2,
    0x80, 0x7f, 0xf1, 0x4d, 0x80, 0x39, 0x50, 0x3,
    0xff, 0xa6, 0x44, 0x0, 0xfc, 0x60, 0x1f, 0xfc,
    0xa5, 0x0, 0xfc, 0xa0, 0x1f, 0xfc, 0x6f, 0x0,
    0xf5, 0x80, 0x7f, 0xf5, 0x54, 0x3, 0xf2, 0x80,
    0x7f, 0xf2, 0x8c, 0x3, 0xf7, 0x80, 0x7f, 0xf1,
    0x58, 0xc0, 0x3a, 0x4, 0x3, 0xff, 0xab, 0x20,
    0x1f, 0xb0, 0x3, 0xff, 0x95, 0x80, 0x1f, 0xa,
    0x80, 0x7f, 0xf1, 0x6, 0x0, 0x38, 0x9c, 0x3,
    0xff, 0xac, 0x2a, 0x1, 0xf2, 0x0, 0x7f, 0xf2,
    0x90, 0x3, 0xe9, 0x0, 0xff, 0xe2, 0xd8, 0x80,
    0x74, 0x80, 0x7f, 0xf6, 0x20, 0x3, 0xe1, 0x30,
    0xf, 0xfe, 0x42, 0x0, 0x7c, 0x2e, 0x1, 0xff,
    0xc4, 0x35, 0x0, 0xe5, 0x40, 0xf, 0xfe, 0xc1,
    0x28, 0x7, 0xd6, 0x1, 0xff, 0xc8, 0xe0, 0xf,
    0xa4, 0x3, 0xff, 0x8b, 0xc0, 0x1e, 0xb0, 0xf,
    0xfe, 0xd5, 0x80, 0x7c, 0xc0, 0x1f, 0xfc, 0x71,
    0x50, 0xf, 0x13, 0x80, 0x7f, 0xf1, 0x18, 0x80,
    0x3a, 0x4, 0x3, 0xff, 0xb4, 0x30, 0x1, 0xe1,
    0x70, 0xf, 0xfe, 0x34, 0x80, 0x7d, 0x20, 0x1f,
    0xfc, 0x41, 0x90, 0xe, 0x27, 0x0, 0xff, 0xee,
    0x39, 0x0, 0x7a, 0x44, 0x3, 0xff, 0x88, 0x4e,
    0x1, 0xe5, 0x40, 0xf, 0xfe, 0x25, 0x80, 0x7a,
    0x40, 0x3f, 0xfb, 0xde, 0x20, 0x1c, 0x36, 0x1,
    0xff, 0xc4, 0x90, 0xf, 0x15, 0x0, 0x7f, 0xf1,
    0xd, 0x40, 0x39, 0x50, 0x3, 0xff, 0xbc, 0x54,
    0x1, 0xe5, 0x60, 0xf, 0xfe, 0x14, 0x20, 0x7,
    0xf, 0x80, 0x7f, 0xf1, 0x78, 0x3, 0xd6, 0x1,
    0xff, 0xe0, 0x49, 0x0, 0xf4, 0xb0, 0x7, 0xff,
    0x1, 0xdc, 0x1, 0xea, 0x20, 0xf, 0xfe, 0x23,
    0x10, 0x7, 0x40, 0x80, 0x7f, 0xf8, 0x5a, 0x40,
    0x3d, 0x30, 0x1, 0xfe, 0x98, 0x0, 0xf6, 0x20,
    0x7, 0xff, 0x10, 0x64, 0x3, 0x89, 0xc0, 0x3f,
    0xfc, 0x6d, 0x40, 0x1e, 0x7d, 0x61, 0x0, 0xc2,
    0xfc, 0xc0, 0x1c, 0x38, 0x60, 0x1f, 0xfc, 0x57,
    0x0, 0xf7, 0x0, 0x7f, 0xf9, 0x57, 0x8, 0x3,
    0x8a, 0x7b, 0x99, 0x8e, 0xe4, 0x8, 0x7, 0x1f,
    0x98, 0x7, 0xff, 0x18, 0x80, 0x3a, 0xc, 0x3,
    0xff, 0xcc, 0x7a, 0xe0, 0x1f, 0x9, 0x98, 0x40,
    0x3c, 0x31, 0x82, 0x1, 0xff, 0xc7, 0x4f, 0xed,
    0xef, 0x70, 0xf, 0xff, 0x4c, 0x73, 0x88, 0x7,
    0xff, 0x0, 0xa3, 0x9c, 0x3, 0xff, 0x96, 0x24,
    0x20, 0x1f, 0xfe, 0xc1, 0x8e, 0xc8, 0x42, 0x0,
    0x84, 0x96, 0x33, 0x5c, 0x3, 0xff, 0x88,

    /* U+002C "," */
    0x0, 0xf8, 0xa3, 0x3b, 0xfb, 0x20, 0xc0, 0x3f,
    0xf8, 0x13, 0xae, 0x62, 0x2, 0x6f, 0x94, 0x20,
    0x1f, 0x87, 0x58, 0x3, 0xf9, 0x7c, 0x80, 0x3e,
    0xd2, 0x0, 0xff, 0x87, 0x4, 0x3, 0x98, 0xc0,
    0x3f, 0xf8, 0x23, 0x60, 0x1d, 0x0, 0x1f, 0xfc,
    0x35, 0x30, 0x8, 0xc4, 0x3, 0xff, 0x89, 0x40,
    0x12, 0x80, 0x7f, 0xf1, 0x58, 0x2, 0xe0, 0xf,
    0xfe, 0x31, 0x80, 0x3c, 0x3, 0xff, 0x8c, 0xa0,
    0x1, 0x0, 0xff, 0xe3, 0x70, 0x1, 0x40, 0x3f,
    0xf8, 0xc2, 0x0, 0x31, 0x0, 0xff, 0xe2, 0x98,
    0x5, 0x60, 0x1f, 0xfc, 0x53, 0x0, 0x95, 0x80,
    0x3f, 0xf9, 0x32, 0xc0, 0x1f, 0xfc, 0x31, 0x0,
    0xe9, 0x90, 0x7, 0xff, 0xb, 0xc0, 0x3c, 0xd8,
    0x20, 0x1f, 0xfc, 0x2, 0x0, 0xf8, 0xfc, 0xc0,
    0x3f, 0xe6, 0x0, 0xfc, 0x38, 0x60, 0x1f, 0xe3,
    0x0, 0xff, 0x61, 0x0, 0x7e, 0x10, 0xf, 0xfe,
    0x4, 0x0, 0x7e, 0x40, 0xf, 0xfe, 0x2, 0x80,
    0x7e, 0xd0, 0xf, 0xfe, 0x9, 0x0, 0x7c, 0x80,
    0x1f, 0xfc, 0x11, 0x0, 0xf0, 0x98, 0x7, 0xff,
    0x21, 0xc0, 0x3f, 0xf8, 0x42, 0x1, 0xed, 0x0,
    0xff, 0xe1, 0x10, 0x7, 0xa, 0x0, 0x7f, 0xf0,
    0x48, 0x3, 0xcc, 0x1, 0xff, 0xc2, 0x60, 0xf,
    0x50, 0x7, 0xff, 0xb, 0x40, 0x39, 0x48, 0x3,
    0xff, 0x84, 0x80, 0x1d, 0x20, 0x1f, 0xfc, 0x23,
    0x20, 0xc, 0xa6, 0x1, 0xff, 0xc2, 0x90, 0xe,
    0x80, 0xf, 0xfe, 0x10, 0xa8, 0x6, 0x62, 0x0,
    0xff, 0xe1, 0x58, 0x7, 0x40, 0x7, 0xff, 0x8,
    0xd4, 0x3, 0x40, 0x80, 0x7f, 0xf0, 0xbc, 0x3,
    0x1b, 0x80, 0x7f, 0xf0, 0xa0, 0xc0, 0x37, 0x0,
    0x7f, 0xf0, 0x91, 0xc0, 0x34, 0x90, 0x7, 0xff,
    0x4, 0xa8, 0x3, 0x23, 0x0, 0x7f, 0xf0, 0xbc,
    0x40, 0x22, 0xb0, 0xf, 0xfe, 0x16, 0x10, 0x4,
    0x38, 0x1, 0xff, 0xc2, 0xb3, 0x0, 0xda, 0x20,
    0x1f, 0xfc, 0x1a, 0x40, 0xd, 0x66, 0x1, 0xff,
    0xc1, 0x75, 0x0, 0xd6, 0x80, 0x1f, 0xfc, 0x29,
    0x0, 0xd8, 0x80, 0x1f, 0xfc, 0x35, 0x0, 0xe,
    0x18, 0x7, 0xff, 0x12, 0x9d, 0xde, 0x60, 0x1f,
    0xfc, 0x51, 0x88, 0x8, 0x7, 0xff, 0x14,

    /* U+002D "-" */
    0x3, 0x66, 0xff, 0xf1, 0x90, 0x2e, 0x4c, 0xff,
    0xf8, 0xf4, 0xb4, 0x3, 0xff, 0xca, 0x82, 0x1,
    0xff, 0xff, 0x0, 0xff, 0xe7, 0x8, 0x7, 0xff,
    0x94, 0xe8, 0x80, 0x3f, 0xfc, 0x66, 0xa0,

    /* U+002E "." */
    0x0, 0xf0, 0xb4, 0xd5, 0xcb, 0x8, 0x7, 0xf8,
    0xab, 0xa5, 0x95, 0x1a, 0x7a, 0x44, 0x3, 0xe5,
    0xd5, 0x0, 0xfc, 0xde, 0x80, 0x1c, 0xd4, 0x1,
    0xff, 0xd, 0xa8, 0x4, 0x72, 0x1, 0xff, 0xc2,
    0xa3, 0x0, 0x78, 0x7, 0xff, 0x13, 0xc0, 0xcc,
    0x1, 0xff, 0xc4, 0x33, 0x58, 0x7, 0xff, 0x1a,
    0xcc, 0x3, 0xff, 0x8c, 0x6e, 0x1, 0xff, 0xc6,
    0x60, 0xf, 0xfe, 0x43, 0x80, 0x7f, 0xf1, 0x84,
    0x80, 0x3f, 0xf8, 0xcb, 0xa0, 0x1f, 0xfc, 0x6d,
    0x41, 0x0, 0xff, 0xe2, 0xa, 0x5, 0x80, 0x7f,
    0xf1, 0x2c, 0x0, 0xac, 0x1, 0xff, 0xc2, 0x65,
    0x0, 0xa5, 0x80, 0x3f, 0xf8, 0xd, 0x20, 0x1d,
    0x32, 0x10, 0xf, 0xc5, 0x52, 0x1, 0xf3, 0x75,
    0x29, 0x0, 0x9, 0x6b, 0x54, 0x3, 0x0,

    /* U+0030 "0" */
    0x0, 0xff, 0xe9, 0xa4, 0x56, 0xf7, 0xfb, 0xb9,
    0x92, 0xc4, 0x1, 0xff, 0xee, 0x5b, 0xfb, 0x75,
    0x21, 0x0, 0x8, 0x8d, 0xa7, 0x75, 0x2, 0x1,
    0xff, 0xe9, 0x6e, 0xa4, 0x0, 0xff, 0xe1, 0x13,
    0xf5, 0x10, 0x7, 0xff, 0x95, 0x36, 0x44, 0x3,
    0xff, 0x8e, 0xbb, 0x0, 0x1f, 0xfe, 0x39, 0xb2,
    0x0, 0xff, 0xe5, 0xbe, 0x98, 0x7, 0xff, 0x7c,
    0xb5, 0x80, 0x3f, 0x13, 0x56, 0x6f, 0x65, 0xc2,
    0x0, 0x7e, 0x2c, 0x60, 0xf, 0xfe, 0xe9, 0xe1,
    0x0, 0x7c, 0xbb, 0xa9, 0x53, 0x21, 0x34, 0x7b,
    0xf8, 0x10, 0xf, 0xa6, 0x40, 0x1f, 0xfd, 0xb4,
    0xc1, 0x0, 0xf1, 0x65, 0x10, 0x7, 0xfc, 0xfc,
    0xe0, 0x1f, 0x35, 0x0, 0x7f, 0xf6, 0x52, 0xc0,
    0x3e, 0x5d, 0x30, 0xf, 0xfe, 0x1c, 0x58, 0x80,
    0x79, 0x64, 0x3, 0xff, 0xae, 0x76, 0x1, 0xf3,
    0xd0, 0x7, 0xff, 0x19, 0x30, 0x40, 0x3c, 0xd0,
    0x1, 0xff, 0xd5, 0x1d, 0x0, 0xf9, 0xa0, 0x3,
    0xff, 0x90, 0x5a, 0x1, 0xf3, 0xa8, 0x7, 0xff,
    0x53, 0x44, 0x3, 0xc9, 0x20, 0x1f, 0xfc, 0xa3,
    0xb0, 0xf, 0xa8, 0xc0, 0x3f, 0xfa, 0x52, 0x60,
    0x1f, 0x50, 0x7, 0xff, 0x31, 0x18, 0x3, 0xee,
    0x0, 0xff, 0xe8, 0xa3, 0x0, 0x7d, 0x42, 0x1,
    0xff, 0xcd, 0x92, 0x0, 0xf1, 0x50, 0x7, 0xff,
    0x3c, 0x68, 0x3, 0xe3, 0x50, 0xf, 0xfe, 0x7c,
    0x80, 0x7c, 0xaa, 0x0, 0xff, 0xe7, 0x58, 0x80,
    0x7d, 0xe0, 0x1f, 0xfd, 0x4, 0x30, 0xf, 0xac,
    0x40, 0x3f, 0xf9, 0x88, 0xa0, 0x1f, 0x21, 0x80,
    0x7f, 0xf4, 0x60, 0x3, 0xe1, 0x80, 0xf, 0xfe,
    0x64, 0x80, 0x7e, 0x80, 0xf, 0xfe, 0x92, 0x18,
    0x7, 0xcc, 0x60, 0x1f, 0xfc, 0xa6, 0x20, 0xf,
    0x88, 0xc0, 0x3f, 0xfa, 0x72, 0x1, 0xfa, 0x0,
    0x3f, 0xf9, 0x50, 0x1, 0xfa, 0xc0, 0x3f, 0xfa,
    0x8a, 0x20, 0x1f, 0x22, 0x0, 0x3f, 0xf9, 0xe,
    0x20, 0x1f, 0x9c, 0x3, 0xff, 0xaa, 0xe0, 0x1f,
    0xa0, 0x3, 0xff, 0x91, 0x20, 0x1f, 0x94, 0x40,
    0x3f, 0xfa, 0xb4, 0x1, 0xf8, 0xd0, 0x3, 0xff,
    0x8c, 0xc2, 0x1, 0xfb, 0xc0, 0x3f, 0xfa, 0xc6,
    0x20, 0x1f, 0xa0, 0x3, 0xff, 0x8d, 0x0, 0x1f,
    0xca, 0x1, 0xff, 0xd7, 0x70, 0xf, 0xc6, 0x60,
    0xf, 0xfe, 0x22, 0x88, 0x7, 0xe4, 0x0, 0xff,
    0xec, 0x68, 0x7, 0xf4, 0x80, 0x7f, 0xf1, 0x38,
    0x3, 0xfb, 0x0, 0x3f, 0xfb, 0x8, 0x1, 0xfc,
    0xa2, 0x1, 0xff, 0xc2, 0x24, 0x0, 0xfe, 0x40,
    0xf, 0xfe, 0xc9, 0x80, 0x7f, 0x30, 0x7, 0xff,
    0xa, 0x80, 0x3f, 0xc6, 0x1, 0xff, 0xd9, 0x40,
    0xf, 0xea, 0x0, 0xff, 0xe1, 0x28, 0x7, 0xf2,
    0x0, 0x7f, 0xf6, 0xb0, 0x3, 0xf8, 0x8c, 0x3,
    0xff, 0x80, 0x64, 0x1, 0xfc, 0x60, 0x1f, 0xfd,
    0xa4, 0x0, 0xff, 0x50, 0x7, 0xff, 0x2, 0x80,
    0x3f, 0xd8, 0x1, 0xff, 0xdb, 0x20, 0xf, 0xe7,
    0x0, 0xff, 0xe0, 0x38, 0x7, 0xf9, 0x40, 0x3f,
    0xfb, 0x6e, 0x1, 0xfc, 0x28, 0x1, 0xfe, 0x31,
    0x0, 0xfe, 0x11, 0x0, 0x7f, 0xf6, 0xf4, 0x3,
    0xfd, 0xa0, 0x1f, 0xeb, 0x0, 0xff, 0x28, 0x7,
    0xff, 0x70, 0xc0, 0x3f, 0xce, 0x1, 0xfe, 0x50,
    0xf, 0xf1, 0x0, 0x7f, 0xf7, 0x14, 0x3, 0xfc,
    0x26, 0x1, 0xf8, 0x48, 0x3, 0xfd, 0xe0, 0x1f,
    0xfd, 0xc1, 0x0, 0xff, 0x90, 0x3, 0xf2, 0x0,
    0x7f, 0xc4, 0x1, 0xff, 0xdd, 0x20, 0xf, 0xf6,
    0x0, 0x7e, 0xc0, 0xf, 0xf9, 0x80, 0x3f, 0xfb,
    0xae, 0x1, 0xfe, 0x40, 0xf, 0xc8, 0x1, 0xff,
    0x10, 0x7, 0xff, 0x74, 0x80, 0x3f, 0xe4, 0x0,
    0xf0, 0x90, 0x7, 0xf8, 0x80, 0x3f, 0xfb, 0xdc,
    0x1, 0xff, 0x18, 0x7, 0x94, 0x3, 0xfe, 0x60,
    0xf, 0xfe, 0xf1, 0x0, 0x7f, 0xd8, 0x1, 0xec,
    0x0, 0xff, 0x84, 0x3, 0xff, 0xbc, 0xc0, 0x1f,
    0xf2, 0x0, 0x78, 0xc0, 0x3f, 0xe2, 0x0, 0xff,
    0xef, 0x18, 0x7, 0xff, 0x0, 0x80, 0x39, 0x40,
    0x3f, 0xee, 0x0, 0xff, 0xef, 0x8, 0x7, 0xff,
    0x1, 0xc0, 0x30, 0x88, 0x3, 0xfe, 0x30, 0xf,
    0xfe, 0xf9, 0x0, 0x7f, 0xda, 0x1, 0x94, 0x3,
    0xff, 0x80, 0xc0, 0x1f, 0xfd, 0xf1, 0x0, 0xff,
    0x8c, 0x3, 0x18, 0x7, 0xff, 0x0, 0x40, 0x3f,
    0xfb, 0xec, 0x1, 0xff, 0x28, 0x6, 0xd0, 0xf,
    0xfe, 0x1, 0x0, 0x7f, 0xf7, 0xcc, 0x3, 0xfe,
    0x11, 0x0, 0x4c, 0x1, 0xff, 0xec, 0x10, 0xf,
    0xfe, 0x1, 0x0, 0x44, 0x1, 0xff, 0x8, 0x7,
    0xff, 0x83, 0xc0, 0x3f, 0xf8, 0xc, 0x1, 0x8,
    0x7, 0xfc, 0x60, 0x1f, 0xfe, 0x1, 0x0, 0xff,
    0xe0, 0x68, 0x0, 0x80, 0x3f, 0xf8, 0x2, 0x1,
    0xff, 0xe0, 0x30, 0xf, 0xfe, 0x1, 0x0, 0x18,
    0x3, 0xff, 0x80, 0xe0, 0x1f, 0xfe, 0x1, 0x0,
    0xff, 0xe0, 0x30, 0x0, 0x80, 0x3f, 0xf8, 0x2,
    0x1, 0xff, 0xe0, 0x70, 0xf, 0xfe, 0x0, 0x80,
    0x38, 0x3, 0xff, 0xda, 0x20, 0x1f, 0xfc, 0x2,
    0x0, 0x8, 0x7, 0xff, 0x0, 0xc0, 0x3f, 0xfc,
    0x6, 0x1, 0xff, 0xc1, 0x10, 0x20, 0xf, 0xfe,
    0x0, 0x80, 0x7f, 0xfb, 0x8c, 0x1c, 0x3, 0xff,
    0x81, 0xe0, 0x1f, 0xfe, 0x1, 0x0, 0xff, 0xe0,
    0x88, 0x8, 0x7, 0xff, 0xed, 0x80, 0xc0, 0x3f,
    0xff, 0x66, 0x2, 0x1, 0xff, 0xc0, 0x10, 0xf,
    0xff, 0x70, 0x80, 0x7f, 0xfc, 0x4, 0x3, 0xff,
    0x81, 0xe2, 0x1, 0xff, 0xc1, 0x30, 0xf, 0xff,
    0xf8, 0x7, 0xff, 0xb4, 0x4c, 0x3, 0xff, 0xde,
    0x60, 0x1f, 0xfc, 0x3, 0x0, 0xff, 0xff, 0x8,
    0x7, 0xff, 0x4, 0x40, 0x3f, 0xff, 0xe0, 0x1f,
    0xfe, 0xd1, 0x0, 0xff, 0xff, 0x80, 0x7f, 0xff,
    0xc0, 0x3f, 0xff, 0xe0, 0x1f, 0xff, 0xa1, 0x0,
    0xff, 0xff, 0x8, 0x7, 0xff, 0x4, 0x40, 0x3f,
    0xff, 0xe0, 0x1f, 0xfe, 0xe3, 0x0, 0xff, 0xf7,
    0x98, 0x7, 0xff, 0x0, 0xc0, 0x3f, 0xff, 0xa2,
    0x20, 0xf, 0xfe, 0x9, 0x80, 0x7f, 0xfb, 0xbc,
    0x3, 0xff, 0xe0, 0x20, 0x1f, 0xfc, 0x21, 0x0,
    0xff, 0xe0, 0x8, 0x7, 0xff, 0xb8, 0x40, 0xc0,
    0x3f, 0xff, 0x64, 0x2, 0x1, 0xff, 0xc0, 0xf0,
    0xf, 0xff, 0x73, 0x83, 0x0, 0x7f, 0xfb, 0x44,
    0x3, 0xff, 0x82, 0x20, 0x60, 0x1f, 0xfc, 0x1,
    0x0, 0xff, 0xf0, 0x18, 0x7, 0xff, 0x4, 0xc3,
    0x80, 0x3f, 0xf8, 0x6, 0x1, 0xff, 0xee, 0x10,
    0x10, 0xf, 0xff, 0x68, 0x80, 0x7f, 0xf0, 0x8,
    0x0, 0x40, 0x1f, 0xfc, 0x1, 0x0, 0xff, 0xf0,
    0x38, 0x7, 0xff, 0x1, 0x80, 0xc, 0x1, 0xff,
    0xc0, 0x70, 0xf, 0xff, 0x0, 0x80, 0x7f, 0xf0,
    0x8, 0x0, 0x40, 0x1f, 0xfc, 0x1, 0x0, 0xff,
    0xf0, 0x18, 0x7, 0xff, 0x3, 0x80, 0x21, 0x0,
    0xff, 0x8c, 0x3, 0xff, 0xc0, 0x20, 0x1f, 0xfc,
    0x2, 0x0, 0x94, 0x3, 0xfe, 0x10, 0xf, 0xff,
    0x7, 0x80, 0x7f, 0xf0, 0x18, 0x2, 0x20, 0xf,
    0xfe, 0x0, 0x80, 0x7f, 0xf7, 0xc4, 0x3, 0xff,
    0x80, 0x60, 0x17, 0x0, 0x7f, 0xf0, 0xc, 0x3,
    0xff, 0xbe, 0x40, 0x1f, 0xf0, 0x80, 0x63, 0x0,
    0xff, 0xe0, 0x8, 0x7, 0xff, 0x7d, 0xc0, 0x3f,
    0xe5, 0x0, 0xca, 0x1, 0xff, 0xc0, 0x60, 0xf,
    0xfe, 0xf9, 0x0, 0x7f, 0xc6, 0x1, 0x84, 0x40,
    0x1f, 0xf1, 0x80, 0x7f, 0xf7, 0xc4, 0x3, 0xfe,
    0xd0, 0xe, 0x50, 0xf, 0xfb, 0x80, 0x3f, 0xfb,
    0xc2, 0x1, 0xff, 0xc0, 0x70, 0xe, 0x30, 0xf,
    0xf8, 0x80, 0x3f, 0xfb, 0xc6, 0x1, 0xff, 0x9,
    0x0, 0x76, 0x0, 0x7f, 0xcc, 0x1, 0xff, 0xde,
    0x60, 0xf, 0xf9, 0x40, 0x3c, 0xa0, 0x1f, 0xf1,
    0x0, 0x7f, 0xf7, 0x88, 0x3, 0xfe, 0xc0, 0xf,
    0x9, 0x0, 0x7f, 0x84, 0x3, 0xff, 0xbd, 0xc0,
    0x1f, 0xf2, 0x0, 0x7c, 0x80, 0x1f, 0xf1, 0x0,
    0x7f, 0xf7, 0x4c, 0x3, 0xfe, 0x30, 0xf, 0xb0,
    0x3, 0xfe, 0x60, 0xf, 0xfe, 0xeb, 0x0, 0x7f,
    0x90, 0x3, 0xf2, 0x0, 0x7f, 0xc6, 0x1, 0xff,
    0xdd, 0x20, 0xf, 0xf6, 0x0, 0x7e, 0x13, 0x0,
    0xff, 0x70, 0x7, 0xff, 0x70, 0x80, 0x3f, 0xe5,
    0x0, 0xfe, 0xb0, 0xf, 0xf2, 0x80, 0x7f, 0xf7,
    0x1c, 0x3, 0xfc, 0x24, 0x1, 0xfc, 0xa0, 0x1f,
    0xe3, 0x0, 0xff, 0xee, 0x10, 0x7, 0xf9, 0x80,
    0x3f, 0xc4, 0x40, 0xf, 0xf1, 0x0, 0x7f, 0xf6,
    0xf4, 0x3, 0xfd, 0x60, 0x1f, 0xf2, 0x0, 0x7f,
    0x9c, 0x3, 0xff, 0xb6, 0xe0, 0x1f, 0xc2, 0x60,
    0x1f, 0xf5, 0x0, 0x7f, 0xb4, 0x3, 0xff, 0xb4,
    0x24, 0x1, 0xfc, 0xe0, 0x1f, 0xfc, 0x3, 0x20,
    0xf, 0xe4, 0x0, 0xff, 0xed, 0x28, 0x7, 0xfa,
    0x80, 0x3f, 0xf8, 0x2a, 0x1, 0xfc, 0x60, 0x1f,
    0xfd, 0xac, 0x0, 0xfe, 0x23, 0x0, 0xff, 0xe0,
    0xd0, 0x7, 0xf8, 0xc0, 0x3f, 0xfb, 0x28, 0x1,
    0xfd, 0x40, 0x1f, 0xfc, 0x22, 0x40, 0xf, 0xe4,
    0x0, 0xff, 0xec, 0x98, 0x7, 0xf3, 0x0, 0x7f,
    0xf0, 0xfc, 0x3, 0xfa, 0xc0, 0x3f, 0xfb, 0xa,
    0x1, 0xfc, 0xa2, 0x1, 0xff, 0xc3, 0x42, 0x0,
    0xfc, 0x62, 0x1, 0xff, 0xd7, 0xc0, 0xf, 0xe9,
    0x0, 0xff, 0xe2, 0xd8, 0x7, 0xf2, 0x0, 0x7f,
    0xf5, 0xdc, 0x3, 0xf1, 0x98, 0x3, 0xff, 0x8a,
    0xc2, 0x1, 0xfb, 0x80, 0x3f, 0xfa, 0xc6, 0x20,
    0x1f, 0xa0, 0x3, 0xff, 0x8f, 0x20, 0x1f, 0x90,
    0x40, 0x3f, 0xfa, 0xb4, 0x1, 0xf8, 0xd0, 0x3,
    0xff, 0x8e, 0xe2, 0x1, 0xf9, 0x80, 0x3f, 0xfa,
    0xac, 0x1, 0xfa, 0x0, 0x3f, 0xf9, 0x30, 0x1,
    0xfa, 0x80, 0x3f, 0xfa, 0x8c, 0x1, 0xf9, 0x10,
    0x1, 0xff, 0xc9, 0x62, 0x0, 0xf8, 0x90, 0x3,
    0xff, 0xa7, 0x40, 0x1f, 0xa0, 0x3, 0xff, 0x97,
    0x20, 0x1f, 0xbc, 0x3, 0xff, 0xa4, 0x86, 0x1,
    0xf3, 0x18, 0x7, 0xff, 0x2d, 0x14, 0x3, 0xe4,
    0x40, 0x7, 0xff, 0x46, 0x0, 0x3e, 0x18, 0x0,
    0xff, 0xe6, 0xd8, 0x80, 0x7d, 0x0, 0x1f, 0xfd,
    0x5, 0x30, 0xf, 0xac, 0x40, 0x3f, 0xf9, 0xa3,
    0x40, 0x1f, 0x1b, 0x0, 0x7f, 0xf3, 0xec, 0x3,
    0xe5, 0x50, 0x7, 0xff, 0x3d, 0x18, 0x3, 0xe9,
    0x20, 0xf, 0xfe, 0x6c, 0x88, 0x7, 0x8a, 0x80,
    0x3f, 0xfa, 0x32, 0x60, 0x1f, 0x70, 0x7, 0xff,
    0x31, 0x18, 0x3, 0xee, 0x0, 0xff, 0xe9, 0xe8,
    0x80, 0x78, 0xe8, 0x3, 0xff, 0x94, 0x76, 0x1,
    0xf5, 0x18, 0x7, 0xff, 0x4c, 0x74, 0x3, 0xe5,
    0x90, 0xf, 0xfe, 0x41, 0x68, 0x7, 0xce, 0xa0,
    0x1f, 0xfd, 0x53, 0xb0, 0xf, 0x9a, 0x80, 0x3f,
    0xf8, 0xc9, 0x82, 0x1, 0xe6, 0x80, 0xf, 0xfe,
    0xba, 0x58, 0x7, 0xcb, 0xa6, 0x1, 0xff, 0xc3,
    0x8b, 0x10, 0xf, 0x2c, 0x80, 0x7f, 0xf6, 0x52,
    0xc4, 0x3, 0xc5, 0x94, 0x40, 0x1f, 0xf3, 0xf3,
    0x80, 0x7c, 0xd4, 0x1, 0xff, 0xdb, 0x4c, 0x20,
    0xf, 0x97, 0x75, 0x2a, 0x64, 0x24, 0x8f, 0x7f,
    0x2, 0x1, 0xf4, 0xc8, 0x3, 0xff, 0xba, 0x5a,
    0xc0, 0x1f, 0x89, 0xab, 0x37, 0xb6, 0xe1, 0x0,
    0x3f, 0x16, 0x30, 0x7, 0xff, 0x82, 0x6c, 0x80,
    0x3f, 0xf9, 0x6d, 0xa6, 0x1, 0xff, 0xe2, 0x4d,
    0x91, 0x0, 0xff, 0xe3, 0xae, 0xc8, 0x7, 0xff,
    0x99, 0xba, 0x90, 0x3, 0xff, 0x84, 0x4f, 0xd4,
    0x40, 0x1f, 0xfe, 0x95, 0xbf, 0xb7, 0x52, 0x10,
    0x0, 0x88, 0xda, 0x77, 0x50, 0x20, 0x1f, 0xfc,
    0xf0,

    /* U+0031 "1" */
    0x0, 0xff, 0xe4, 0xa4, 0x67, 0x7f, 0x50, 0x80,
    0x7f, 0xf5, 0x45, 0xaf, 0xed, 0xcc, 0x40, 0x57,
    0x0, 0x3f, 0xfa, 0x49, 0x19, 0xd2, 0x80, 0x1f,
    0x89, 0x0, 0x3f, 0xf9, 0x86, 0xd3, 0x9f, 0x6e,
    0x60, 0x1f, 0xfc, 0x3, 0x0, 0xff, 0xe3, 0xa,
    0x3d, 0x67, 0xe4, 0xb1, 0x80, 0x7f, 0xf1, 0x3c,
    0x3, 0xff, 0x88, 0x57, 0xd7, 0xa, 0x60, 0x1f,
    0xfd, 0xaf, 0x40, 0xf, 0xfe, 0xf9, 0x0, 0x7f,
    0xf8, 0xc, 0x3, 0xff, 0xc1, 0xca, 0x20, 0x46,
    0xaf, 0x35, 0x9b, 0x90, 0x40, 0x1f, 0xfd, 0x22,
    0xae, 0xfd, 0xca, 0x86, 0x53, 0x23, 0x7d, 0x50,
    0xf, 0xff, 0x5, 0x0, 0x7f, 0xf8, 0x50, 0x3,
    0xff, 0xc0, 0x40, 0x1f, 0xfe, 0x1, 0x0, 0xff,
    0xff, 0x80, 0x7f, 0xff, 0xc0, 0x3f, 0xff, 0xe0,
    0x1f, 0xff, 0xf0, 0xf, 0xff, 0xf8, 0x7, 0xff,
    0xfc, 0x3, 0xff, 0xfe, 0x1, 0xff, 0xff, 0x0,
    0xff, 0xff, 0x80, 0x7f, 0xff, 0xc0, 0x3f, 0xff,
    0xe0, 0x1f, 0xff, 0xf0, 0xf, 0xff, 0xf8, 0x7,
    0xff, 0xfc, 0x3, 0xff, 0xfe, 0x1, 0xff, 0xff,
    0x0, 0xff, 0xff, 0x80, 0x7f, 0xff, 0xc0, 0x3f,
    0xff, 0xe0, 0x1f, 0xff, 0xf0, 0xf, 0xff, 0xf8,
    0x7, 0xff, 0xfc, 0x3, 0xff, 0xfe, 0x1, 0xff,
    0xff, 0x0, 0xff, 0xff, 0x80, 0x7f, 0xff, 0xc0,
    0x3f, 0xff, 0xe0, 0x1f, 0xff, 0xf0, 0xf, 0xff,
    0xf8, 0x7, 0xff, 0xfc, 0x3, 0xff, 0xfe, 0x1,
    0xff, 0xff, 0x0, 0xff, 0xff, 0x80, 0x7f, 0xff,
    0xc0, 0x3f, 0xff, 0xe0, 0x1f, 0xff, 0xf0, 0xf,
    0xff, 0xf8, 0x7, 0xff, 0xfc, 0x3, 0xff, 0xfe,
    0x1, 0xff, 0xff, 0x0, 0xff, 0xff, 0x80, 0x7f,
    0xff, 0xc0, 0x3f, 0xff, 0xe0, 0x1f, 0xff, 0xf0,
    0xf, 0xff, 0xf8, 0x7, 0xff, 0xfc, 0x3, 0xff,
    0xfe, 0x1, 0xff, 0xff, 0x0, 0xff, 0xff, 0x80,
    0x7f, 0xff, 0xc0, 0x3f, 0xff, 0xe0, 0x1f, 0xff,
    0xf0, 0xf, 0xff, 0xf8, 0x7, 0xff, 0xfc, 0x3,
    0xff, 0xfe, 0x1, 0xff, 0xff, 0x0, 0xff, 0xff,
    0x80, 0x7f, 0xff, 0xc0, 0x3f, 0xff, 0xe0, 0x1f,
    0xff, 0xf0, 0xf, 0xff, 0xf8, 0x7, 0xff, 0xfc,
    0x3, 0xff, 0xfe, 0x1, 0xff, 0xff, 0x0, 0xff,
    0xff, 0x80, 0x7f, 0xff, 0xc0, 0x3f, 0xff, 0xe0,
    0x1f, 0xfe, 0xf2, 0x0, 0xff, 0x84, 0x3, 0xff,
    0xa8, 0xc0, 0x1f, 0xf2, 0x80, 0x7f, 0xf4, 0xc4,
    0xc0, 0x3f, 0xe3, 0x10, 0xf, 0xfe, 0x94, 0x80,
    0x7f, 0xf0, 0x64, 0x3, 0xff, 0xa3, 0xe, 0x1,
    0xff, 0xc1, 0x77, 0x0, 0x7f, 0xf3, 0x9, 0x67,
    0x9c, 0x3, 0xff, 0x87, 0x1d, 0x2a, 0x40, 0x1f,
    0xf1, 0x2b, 0xc5, 0x5e, 0xff, 0xb6, 0x98, 0x40,
    0x3f, 0xf8, 0xa2, 0xd5, 0xbf, 0xd9, 0x52, 0xea,
    0x20, 0x8, 0xda, 0x87, 0x54, 0x20, 0xf, 0xfe,
    0x80, 0x9a, 0xb4, 0x57, 0x30, 0x38, 0x7, 0xff,
    0x7a, 0xc0, 0x3f, 0xfc, 0x56, 0x40, 0x1f, 0xfd,
    0xc3, 0xe0,

    /* U+0032 "2" */
    0x0, 0xff, 0xe7, 0x8a, 0x3c, 0xe6, 0xf7, 0xfd,
    0xdc, 0xca, 0x85, 0x20, 0xf, 0xff, 0x2a, 0x46,
    0xf5, 0xc3, 0x19, 0x8, 0x4, 0x22, 0x35, 0x7a,
    0xde, 0x94, 0x0, 0xff, 0xef, 0x9c, 0xf5, 0xb9,
    0x0, 0x7f, 0xf1, 0x45, 0xaf, 0xa0, 0x80, 0x3f,
    0xfb, 0x4b, 0x98, 0x61, 0x0, 0xff, 0xe5, 0x8b,
    0xec, 0x88, 0x7, 0xff, 0x59, 0x36, 0x8c, 0x3,
    0xff, 0xa2, 0xdc, 0xe0, 0x1f, 0xfd, 0x31, 0xab,
    0x20, 0xf, 0xfe, 0xac, 0x61, 0x0, 0x7f, 0xf4,
    0x13, 0xd4, 0x3, 0xff, 0xb0, 0x78, 0x60, 0x1f,
    0xfc, 0xe6, 0xb1, 0x0, 0xff, 0xe0, 0x9, 0xab,
    0x3b, 0x99, 0x8, 0x3, 0xff, 0x8a, 0x38, 0xa0,
    0x1f, 0xfc, 0xc8, 0x90, 0xf, 0xf9, 0x6b, 0xb9,
    0x95, 0x31, 0x9, 0xbd, 0xfb, 0x60, 0xf, 0xfe,
    0x25, 0x28, 0x7, 0xff, 0x2a, 0x1c, 0x3, 0xf8,
    0xeb, 0xe9, 0x44, 0x3, 0xfc, 0x93, 0xf0, 0x1,
    0xff, 0xc3, 0xa4, 0x0, 0xff, 0xe4, 0x3b, 0x80,
    0x3f, 0x15, 0xe2, 0x80, 0x7f, 0xf1, 0x5f, 0x90,
    0x3, 0xff, 0x85, 0x64, 0x1, 0xff, 0xc6, 0x58,
    0x0, 0xfd, 0x1a, 0x80, 0x1f, 0xfc, 0x81, 0xb6,
    0x0, 0xff, 0xe1, 0x70, 0x7, 0xff, 0x14, 0xa8,
    0x3, 0xe2, 0xd7, 0x0, 0xff, 0xe6, 0x4b, 0x80,
    0x7f, 0xf0, 0x4e, 0x0, 0x3f, 0xf8, 0x9e, 0x1,
    0xf2, 0x69, 0x0, 0x7f, 0xf3, 0xa1, 0x40, 0x3f,
    0xf8, 0x2e, 0x40, 0x1f, 0xfc, 0x28, 0x20, 0xf,
    0x2d, 0x80, 0x7f, 0xf4, 0x68, 0x40, 0x3f, 0xf8,
    0x30, 0x1, 0xff, 0xc1, 0x27, 0x0, 0xf2, 0xd0,
    0x7, 0xff, 0x4e, 0x80, 0x3f, 0xf8, 0x2a, 0x40,
    0x1f, 0xfc, 0x9, 0x0, 0xf1, 0xd0, 0x7, 0xff,
    0x51, 0x10, 0x1, 0xff, 0xc1, 0xa0, 0xf, 0xf8,
    0xd0, 0x3, 0x87, 0x40, 0x3f, 0xfa, 0xd0, 0x1,
    0xff, 0xc1, 0x60, 0xf, 0xfa, 0x40, 0x3d, 0x42,
    0x1, 0xff, 0xd6, 0x33, 0x0, 0x7f, 0xf0, 0x5,
    0x0, 0x3f, 0x89, 0x40, 0x39, 0x50, 0x3, 0xff,
    0xb1, 0x40, 0x1f, 0xfc, 0x1d, 0x0, 0xfe, 0x50,
    0xf, 0x40, 0x7, 0xff, 0x65, 0xc0, 0x3f, 0xf8,
    0x28, 0x1, 0xfd, 0x40, 0x1c, 0xc4, 0x1, 0xff,
    0xd9, 0x12, 0x0, 0xff, 0xe0, 0x10, 0x80, 0x7c,
    0x64, 0x1, 0xd6, 0x1, 0xff, 0xdb, 0x40, 0xf,
    0xfe, 0xa, 0x80, 0x7c, 0x80, 0x1c, 0x84, 0x1,
    0xff, 0xdb, 0xc0, 0xf, 0xfe, 0x9, 0x0, 0x7d,
    0x60, 0x1d, 0xe0, 0x1f, 0xfd, 0xc6, 0x0, 0xff,
    0xe0, 0xf0, 0x7, 0xc6, 0x1, 0x85, 0x0, 0x3f,
    0xfb, 0x86, 0x1, 0xff, 0xc1, 0x20, 0xf, 0x20,
    0x7, 0x38, 0x7, 0xff, 0x78, 0x40, 0x3f, 0xf8,
    0xc, 0x1, 0xe3, 0x0, 0xed, 0x0, 0xff, 0xef,
    0x18, 0x7, 0xff, 0x1f, 0x40, 0x39, 0x40, 0x3f,
    0xfb, 0xc2, 0x1, 0xff, 0xc0, 0x10, 0xf, 0x38,
    0x6, 0x31, 0x0, 0xff, 0xef, 0x38, 0x7, 0xff,
    0x1c, 0x80, 0x32, 0x80, 0x7f, 0xfc, 0x84, 0x3,
    0xbc, 0x3, 0xff, 0xbe, 0x20, 0x1f, 0xfc, 0x62,
    0x0, 0xe5, 0x0, 0xff, 0xef, 0x88, 0x7, 0xff,
    0x1, 0x80, 0x39, 0xc0, 0x38, 0xc0, 0x3f, 0xfd,
    0x82, 0x1, 0xfe, 0x30, 0xf, 0xff, 0x3, 0x80,
    0x7f, 0xf0, 0xc, 0x3, 0x90, 0x3, 0x48, 0x7,
    0xff, 0x80, 0x40, 0x3f, 0xf8, 0x1e, 0x1, 0xec,
    0x54, 0xa5, 0x0, 0xff, 0xf0, 0x18, 0x7, 0xff,
    0x0, 0x80, 0x3c, 0x75, 0x6a, 0x1, 0xff, 0xe1,
    0x10, 0xf, 0xfe, 0x2, 0x80, 0x7f, 0xfa, 0x84,
    0x3, 0xff, 0x80, 0x22, 0x0, 0xff, 0xf5, 0x28,
    0x7, 0xff, 0x1, 0x0, 0x3f, 0xfd, 0x64, 0x1,
    0xff, 0xc0, 0xc0, 0xf, 0xff, 0x5f, 0x0, 0x7f,
    0xf0, 0x10, 0x3, 0xff, 0xd6, 0x60, 0x1f, 0xf1,
    0x10, 0x3, 0xff, 0xd6, 0xa0, 0x1f, 0xf2, 0x80,
    0x7f, 0xfa, 0xc8, 0x40, 0x3f, 0xeb, 0x0, 0xff,
    0xf5, 0xb8, 0x7, 0xfc, 0x46, 0x1, 0xff, 0xeb,
    0xc0, 0xf, 0xfa, 0x80, 0x3f, 0xfd, 0x88, 0x1,
    0xff, 0x30, 0x7, 0xff, 0xac, 0x48, 0x3, 0xfc,
    0xa2, 0x1, 0xff, 0xeb, 0x40, 0xf, 0xfa, 0x40,
    0x3f, 0xfd, 0x9e, 0x1, 0xfe, 0x33, 0x0, 0x7f,
    0xfb, 0x10, 0x3, 0xfd, 0x0, 0x1f, 0xfe, 0xc4,
    0x10, 0xf, 0xe3, 0x40, 0xf, 0xff, 0x66, 0x80,
    0x7f, 0xa4, 0x3, 0xff, 0xda, 0xe0, 0x1f, 0xc4,
    0xa0, 0x1f, 0xfe, 0xc4, 0x10, 0xf, 0xe9, 0x0,
    0xff, 0xf6, 0xf0, 0x7, 0xf1, 0xa0, 0x7, 0xff,
    0xb5, 0x40, 0x3f, 0xbc, 0x3, 0xff, 0xda, 0xc0,
    0x1f, 0xc8, 0x60, 0x1f, 0xfe, 0xda, 0x0, 0xfe,
    0x90, 0xf, 0xff, 0x69, 0x98, 0x3, 0xf3, 0x10,
    0x7, 0xff, 0xb6, 0x40, 0x3f, 0xc, 0x0, 0x7f,
    0xfb, 0x45, 0x40, 0x3f, 0x40, 0x80, 0x7f, 0xfb,
    0x58, 0x3, 0xf1, 0x30, 0x7, 0xff, 0xba, 0x40,
    0x3f, 0x70, 0x7, 0xff, 0xb9, 0x84, 0x3, 0xe5,
    0x30, 0xf, 0xff, 0x75, 0x80, 0x7c, 0x36, 0x1,
    0xff, 0xee, 0x52, 0x0, 0xfa, 0x4, 0x3, 0xff,
    0xdd, 0x20, 0x1f, 0x23, 0x0, 0x7f, 0xfb, 0x94,
    0xc0, 0x3e, 0x90, 0xf, 0xff, 0x7c, 0x0, 0x7d,
    0x4, 0x1, 0xff, 0xee, 0x52, 0x0, 0xf1, 0x38,
    0x7, 0xff, 0xbe, 0x0, 0x3e, 0xe0, 0xf, 0xff,
    0x7b, 0x10, 0x7, 0x9c, 0xc0, 0x3f, 0xfd, 0xf0,
    0x1, 0xe2, 0x80, 0xf, 0xff, 0x7b, 0x88, 0x7,
    0xb8, 0x3, 0xff, 0xe1, 0x20, 0x1e, 0x73, 0x0,
    0xff, 0xf7, 0xc0, 0x80, 0x71, 0x40, 0x7, 0xff,
    0xbc, 0x9c, 0x3, 0xdc, 0x1, 0xff, 0xf0, 0x80,
    0xf, 0x39, 0x80, 0x7f, 0xfb, 0xcd, 0x40, 0x38,
    0xa0, 0x3, 0xff, 0xe1, 0xe0, 0x1e, 0xe0, 0xf,
    0xff, 0x83, 0x18, 0x7, 0x31, 0x80, 0x7f, 0xfb,
    0xc6, 0x0, 0x38, 0xa4, 0x3, 0xff, 0xe1, 0x2,
    0x1, 0xd2, 0x1, 0xff, 0xf0, 0x36, 0x0, 0xe6,
    0x40, 0xf, 0xff, 0x87, 0x80, 0x71, 0x48, 0x7,
    0xff, 0xc1, 0x8c, 0x3, 0xa4, 0x3, 0xff, 0xe0,
    0x32, 0x1, 0xcc, 0x80, 0x1f, 0xff, 0xb, 0x0,
    0xe1, 0x90, 0xf, 0xff, 0x82, 0x28, 0x7, 0x50,
    0x7, 0xff, 0xc6, 0x40, 0x39, 0x90, 0x3, 0xff,
    0xe1, 0x4, 0x1, 0x86, 0x40, 0x3f, 0xfe, 0x6,
    0xe0, 0x1d, 0x40, 0x1f, 0xff, 0x1e, 0x0, 0xe6,
    0x40, 0xf, 0xfe, 0x93, 0xdd, 0x18, 0x7, 0xff,
    0x39, 0xc8, 0x3, 0xc, 0x0, 0x7f, 0xf4, 0xa2,
    0x8, 0xbc, 0x1, 0xff, 0xcd, 0x28, 0x0, 0xea,
    0x10, 0xf, 0xfe, 0x93, 0x0, 0x44, 0x20, 0x1f,
    0xfc, 0xce, 0x0, 0xe5, 0x40, 0xf, 0xfe, 0x91,
    0x8, 0x6, 0x10, 0xf, 0xfe, 0x5b, 0x98, 0x6,
    0x1b, 0x0, 0xff, 0xe9, 0xb8, 0x7, 0xff, 0x40,
    0xa0, 0x3, 0xa8, 0x40, 0x3f, 0xfa, 0x7a, 0x1,
    0x84, 0x3, 0xff, 0x97, 0xc0, 0x1c, 0xa8, 0x1,
    0xff, 0xd4, 0x40, 0xc, 0x60, 0x1f, 0xfc, 0xa6,
    0x30, 0xc, 0x36, 0x1, 0xff, 0xd5, 0x30, 0xc,
    0x20, 0x1f, 0xfc, 0x91, 0x90, 0xe, 0xb1, 0x0,
    0xff, 0xea, 0x10, 0x7, 0x38, 0x7, 0xff, 0x26,
    0x80, 0x39, 0x54, 0x1, 0xff, 0xd5, 0x70, 0xe,
    0x10, 0xf, 0xfe, 0x43, 0x20, 0x6, 0x1b, 0x0,
    0xff, 0xeb, 0x68, 0x7, 0x18, 0x7, 0xff, 0x1c,
    0x64, 0x3, 0xac, 0x40, 0x3f, 0xfa, 0xc6, 0x1,
    0xc2, 0x1, 0xff, 0xc7, 0xa0, 0xe, 0x55, 0x0,
    0x7f, 0xf5, 0xd4, 0x3, 0xbc, 0x3, 0xff, 0x8c,
    0xa8, 0x1, 0x86, 0xc0, 0x3f, 0xfa, 0xe4, 0x20,
    0x1c, 0x20, 0x1f, 0xfc, 0x51, 0xb0, 0xe, 0xb1,
    0x0, 0xff, 0xeb, 0xb8, 0x7, 0x8c, 0x3, 0xff,
    0x8b, 0x62, 0x1, 0x95, 0x40, 0x1f, 0xfd, 0x8c,
    0x0, 0xf0, 0x80, 0x7f, 0xf1, 0x15, 0x40, 0x18,
    0x6c, 0x3, 0xff, 0xb2, 0x80, 0x1e, 0x70, 0xf,
    0xfe, 0x18, 0xd8, 0x7, 0x58, 0x80, 0x7f, 0xf6,
    0x8, 0x80, 0x1e, 0x10, 0xf, 0xfe, 0x1d, 0x88,
    0x6, 0x45, 0x0, 0xff, 0xec, 0xa8, 0x7, 0xc6,
    0x1, 0xff, 0xc2, 0x45, 0x0, 0xc3, 0x40, 0x1f,
    0xfd, 0xaa, 0x0, 0xf8, 0x40, 0x3f, 0xf8, 0x23,
    0x40, 0x1d, 0x62, 0x1, 0xff, 0xd9, 0x32, 0x0,
    0xff, 0xe4, 0xc0, 0x80, 0x64, 0x50, 0xf, 0xfe,
    0xd4, 0x80, 0x7c, 0x20, 0x1f, 0xfc, 0x14, 0x60,
    0xe, 0xa0, 0xf, 0xfe, 0xd1, 0x28, 0x7, 0xc6,
    0x1, 0xff, 0xc1, 0xa0, 0xe, 0x91, 0x0, 0xff,
    0xed, 0x48, 0x7, 0xe1, 0x0, 0xff, 0xe0, 0x48,
    0x80, 0x64, 0x60, 0xf, 0xfe, 0xd2, 0xa0, 0x7,
    0xe7, 0x0, 0xff, 0x91, 0x80, 0x3a, 0x80, 0x3f,
    0xfb, 0x45, 0x60, 0x1f, 0xc2, 0x1, 0xff, 0x48,
    0x7, 0x48, 0x80, 0x7f, 0xf6, 0x47, 0xc4, 0x3,
    0xf8, 0xc0, 0x3f, 0xd2, 0x40, 0x19, 0x18, 0x3,
    0xff, 0xb2, 0x38, 0x40, 0x1f, 0xe1, 0x0, 0xfe,
    0x36, 0x0, 0xe8, 0x0, 0xff, 0xec, 0xb7, 0x10,
    0x7, 0xfd, 0xe0, 0x1f, 0xdc, 0x1, 0xe1, 0x0,
    0xff, 0xeb, 0xae, 0x48, 0x7, 0xff, 0x4, 0x40,
    0x3f, 0x41, 0x0, 0x7a, 0x0, 0x3f, 0xfa, 0x62,
    0xb3, 0xd4, 0x60, 0x1f, 0xfc, 0x23, 0x0, 0xf8,
    0xdc, 0x3, 0xe5, 0xc6, 0x44, 0xff, 0xe5, 0x2a,
    0x9a, 0x26, 0xfb, 0x94, 0xc2, 0x1, 0xff, 0xc4,
    0x10, 0xf, 0xb8, 0x3, 0xf8, 0xe6, 0xef, 0xff,
    0x95, 0x54, 0x97, 0x64, 0x10, 0xf, 0xfe, 0x43,
    0x80, 0x7a, 0x8, 0x3, 0xff, 0xe0, 0x20, 0x1c,
    0x4e, 0x1, 0xff, 0xf1, 0x30, 0xe, 0xe0, 0xf,
    0xff, 0x90, 0x80, 0x67, 0x30, 0xf, 0xff, 0xb1,
    0x40, 0x7, 0xff, 0xc8, 0x40, 0x34, 0x0, 0x7f,
    0xfc, 0xcc, 0x3, 0x28, 0x7, 0xff, 0xcd, 0xc0,
    0x23, 0x0, 0xff, 0xfa, 0x60, 0x4, 0x60, 0x1f,
    0xff, 0x33, 0x60, 0xd, 0x66, 0x20, 0x1f, 0xfe,
    0xe2, 0x7c, 0x0, 0xc0,

    /* U+0033 "3" */
    0x0, 0xff, 0xe6, 0x9b, 0x4d, 0xef, 0x7f, 0xdd,
    0xb7, 0xa, 0x20, 0x1f, 0xfe, 0x5, 0xaf, 0xc9,
    0x64, 0x21, 0x0, 0x84, 0x91, 0xeb, 0xb1, 0xc4,
    0x3, 0xff, 0xb6, 0xfd, 0x4a, 0x1, 0xff, 0xc4,
    0x38, 0xe8, 0x10, 0xf, 0xfe, 0xbb, 0x74, 0x8,
    0x7, 0xff, 0x25, 0xfd, 0x40, 0x3f, 0xfa, 0x85,
    0x92, 0x20, 0x1f, 0xfc, 0xc1, 0xa9, 0x0, 0xff,
    0xe9, 0x2e, 0x98, 0x7, 0xff, 0x41, 0xb0, 0x3,
    0xff, 0xa0, 0xf4, 0x1, 0xf8, 0x51, 0xe2, 0x61,
    0xd0, 0x3, 0xff, 0x86, 0x78, 0x1, 0xff, 0xce,
    0x88, 0x0, 0x7c, 0xd9, 0xd7, 0xe, 0xcf, 0x17,
    0xf4, 0x40, 0x1f, 0xfc, 0x13, 0x90, 0xf, 0xfe,
    0x63, 0xb8, 0x3, 0xcd, 0xd2, 0x60, 0x1f, 0xcb,
    0xae, 0x1, 0xff, 0xc1, 0x65, 0x0, 0xff, 0xe5,
    0x2c, 0x0, 0x70, 0xdc, 0x88, 0x7, 0xff, 0x6,
    0x24, 0x3, 0xff, 0x83, 0x60, 0x1f, 0xfc, 0x92,
    0xa0, 0xe, 0x2f, 0x40, 0xf, 0xfe, 0x23, 0x38,
    0x7, 0xff, 0x0, 0x5c, 0x3, 0xff, 0x91, 0xc0,
    0x1c, 0x58, 0x20, 0x1f, 0xfc, 0x68, 0x20, 0xf,
    0xfe, 0x4, 0x80, 0x7f, 0xf1, 0xdc, 0xc0, 0x3b,
    0xc4, 0x3, 0xff, 0x91, 0x20, 0x1f, 0xfc, 0x1,
    0x30, 0xf, 0xfe, 0x28, 0xc0, 0x7, 0x59, 0x0,
    0x7f, 0xf2, 0x50, 0x80, 0x3f, 0xf8, 0x16, 0x1,
    0xff, 0xc5, 0x80, 0xe, 0x74, 0x0, 0xff, 0xe5,
    0xd0, 0x7, 0xff, 0x1, 0x0, 0x3f, 0xf8, 0x82,
    0xc0, 0x18, 0x60, 0x3, 0xff, 0x98, 0x80, 0x1f,
    0xfc, 0x3, 0x0, 0xff, 0xe2, 0x30, 0x7, 0x48,
    0x7, 0xff, 0x34, 0xc0, 0x3f, 0xf8, 0x22, 0x1,
    0xff, 0xc3, 0x90, 0xc, 0x2e, 0x1, 0xff, 0xce,
    0x20, 0xf, 0xfe, 0x1, 0x80, 0x7f, 0xf0, 0x8c,
    0x40, 0x34, 0x80, 0x7f, 0xf3, 0xd8, 0x3, 0xff,
    0x80, 0x20, 0x1f, 0xfc, 0x2b, 0x0, 0xe6, 0x0,
    0xff, 0xe7, 0x88, 0x7, 0xff, 0x3d, 0x0, 0x31,
    0x88, 0x7, 0xff, 0x3c, 0xc0, 0x3f, 0xf8, 0x2,
    0x1, 0xff, 0xc2, 0x30, 0xd, 0x40, 0x1f, 0xfd,
    0xd2, 0x0, 0xff, 0xe0, 0xa0, 0x7, 0x20, 0x7,
    0xff, 0x40, 0x80, 0x3f, 0xe2, 0x0, 0xff, 0xe1,
    0x10, 0x6, 0x12, 0x0, 0xff, 0xe8, 0x38, 0x7,
    0xfc, 0xe0, 0x1f, 0xfc, 0x2f, 0x0, 0xca, 0x1,
    0xff, 0xd1, 0x20, 0xf, 0xfb, 0xc0, 0x3f, 0xf8,
    0x44, 0x1, 0xb0, 0x3, 0xff, 0xa0, 0x22, 0x0,
    0xff, 0x90, 0x3, 0xff, 0x8e, 0x80, 0x1f, 0xfd,
    0x4, 0x0, 0xff, 0x94, 0x40, 0x3f, 0xf8, 0x46,
    0x1, 0x11, 0x80, 0x7f, 0xf4, 0x30, 0x3, 0xfe,
    0x90, 0xf, 0xfe, 0x1c, 0xa9, 0x27, 0x80, 0x7f,
    0xf4, 0x5c, 0x3, 0xfc, 0x66, 0x0, 0xff, 0xe1,
    0x8d, 0x6d, 0x90, 0x7, 0xff, 0x41, 0x4, 0x3,
    0xfd, 0x0, 0x1f, 0xfe, 0x5e, 0x0, 0xff, 0x22,
    0x0, 0x3f, 0xfc, 0x84, 0xa0, 0x1f, 0xea, 0x0,
    0xff, 0xf2, 0xc0, 0x7, 0xfa, 0x44, 0x3, 0xff,
    0xc8, 0x6a, 0x1, 0xfc, 0xac, 0x1, 0xff, 0xe5,
    0xf0, 0xf, 0xe2, 0xb0, 0xf, 0xff, 0x2b, 0x18,
    0x7, 0xf7, 0x88, 0x7, 0xff, 0x90, 0xa4, 0x3,
    0xfa, 0xc8, 0x3, 0xff, 0xcb, 0xc0, 0x1f, 0xd2,
    0x80, 0x1f, 0xfe, 0x59, 0x30, 0xf, 0xd0, 0xc0,
    0x1f, 0xfe, 0x56, 0x60, 0x7, 0xe8, 0x70, 0xf,
    0xff, 0x2a, 0x48, 0x7, 0xe8, 0x70, 0xf, 0xff,
    0x29, 0x58, 0x7, 0xe9, 0x70, 0xf, 0xff, 0x28,
    0xe0, 0x7, 0xeb, 0x60, 0xf, 0xff, 0x28, 0xe0,
    0x80, 0x78, 0x71, 0x0, 0x3f, 0xfc, 0xa3, 0x84,
    0x1, 0xe3, 0xf3, 0x0, 0xff, 0xf2, 0x8e, 0x10,
    0x7, 0x97, 0x4, 0x3, 0xff, 0xca, 0x38, 0x40,
    0x1e, 0x9a, 0x0, 0xff, 0xf3, 0xe, 0x10, 0x7,
    0x16, 0x30, 0x7, 0xff, 0x98, 0xbc, 0x80, 0x39,
    0x70, 0xc0, 0x3f, 0xfc, 0xc7, 0x82, 0x1, 0xd3,
    0x42, 0x1, 0xff, 0xe6, 0x3d, 0x10, 0xc, 0x7a,
    0xc0, 0x1f, 0xfe, 0x74, 0xc1, 0x0, 0xd1, 0x84,
    0x1, 0xff, 0xe7, 0x5b, 0x0, 0xc5, 0x8e, 0x1,
    0xff, 0xe8, 0x5a, 0x0, 0xcb, 0xa6, 0x1, 0xff,
    0xe8, 0x6a, 0x0, 0xe8, 0x1, 0x47, 0x9a, 0xbb,
    0xa6, 0x14, 0x80, 0x3f, 0xfb, 0x8f, 0x20, 0x1e,
    0xcd, 0xeb, 0x86, 0x54, 0x49, 0x9e, 0xb7, 0xa9,
    0x40, 0x3f, 0xfb, 0x11, 0x0, 0xf, 0x84, 0x80,
    0x3f, 0xf8, 0x2, 0xb5, 0xd0, 0x20, 0x1f, 0xfd,
    0x49, 0x70, 0xf, 0xfe, 0x68, 0xbf, 0x38, 0x7,
    0xff, 0x4a, 0x98, 0x3, 0xff, 0xa3, 0x1a, 0x60,
    0x1f, 0xfc, 0xfa, 0x50, 0xf, 0xfe, 0x99, 0x63,
    0x80, 0x7f, 0xf3, 0x6d, 0x40, 0x3f, 0xfa, 0xd1,
    0x20, 0x1f, 0xfc, 0xba, 0x40, 0xf, 0xc6, 0xd3,
    0x9b, 0xdf, 0xee, 0xda, 0x72, 0x0, 0xff, 0xe1,
    0xb5, 0x80, 0x7f, 0xf2, 0x51, 0x40, 0x3c, 0x73,
    0xd9, 0x2c, 0x64, 0x20, 0x1, 0x25, 0x8d, 0xd3,
    0x0, 0x7f, 0xf0, 0x92, 0xc0, 0x3f, 0xf9, 0x1c,
    0x1, 0xc7, 0x98, 0x61, 0x0, 0xff, 0xe0, 0x94,
    0xf2, 0x80, 0x7f, 0xf0, 0x52, 0x40, 0x3f, 0xf8,
    0xe6, 0x1, 0xd, 0x61, 0x80, 0x7f, 0xf1, 0x86,
    0xa8, 0x1, 0xff, 0xc1, 0x67, 0x0, 0xff, 0xe3,
    0x42, 0x9c, 0x72, 0x80, 0x7f, 0xf2, 0x97, 0x0,
    0x3f, 0xf8, 0x30, 0x60, 0x1f, 0xfc, 0x51, 0xac,
    0x70, 0xf, 0xfe, 0x69, 0xe0, 0x7, 0xff, 0x7,
    0x80, 0x3f, 0xfc, 0x67, 0x40, 0x1f, 0xfc, 0x2,
    0x80, 0xf, 0xff, 0x1a, 0xa8, 0x3, 0xff, 0x80,
    0xe6, 0x1, 0xff, 0xe3, 0xb1, 0x0, 0xff, 0xe0,
    0x40, 0x7, 0xff, 0x8c, 0x60, 0x3, 0xff, 0x80,
    0x86, 0x1, 0xff, 0xe3, 0x62, 0x0, 0xff, 0xe0,
    0x40, 0x7, 0xff, 0x92, 0xc0, 0x3f, 0xf8, 0x8,
    0x60, 0x1f, 0xfe, 0x36, 0x0, 0xff, 0xe0, 0xd0,
    0x7, 0xff, 0x91, 0x80, 0x3f, 0xf8, 0xe, 0x1,
    0xff, 0xe4, 0xa0, 0xf, 0xfe, 0x0, 0xa8, 0x7,
    0xff, 0x8c, 0xc4, 0x3, 0xff, 0x81, 0xc0, 0x1f,
    0xfe, 0x44, 0x0, 0xff, 0xe0, 0x20, 0x7, 0xff,
    0x93, 0x0, 0x3f, 0xf8, 0x28, 0x1, 0xff, 0xe3,
    0x40, 0xf, 0xfe, 0xe, 0x0, 0x7f, 0xf8, 0xc8,
    0x40, 0x3f, 0xf8, 0x8, 0x1, 0xff, 0xe4, 0x50,
    0xf, 0xfe, 0x1, 0x80, 0x7f, 0xf9, 0xc, 0x3,
    0xff, 0x82, 0x60, 0x1f, 0xfe, 0x3e, 0x0, 0xff,
    0xe0, 0xb0, 0x7, 0xff, 0x8d, 0x40, 0x3f, 0xf8,
    0x24, 0x1, 0xff, 0xe3, 0x20, 0xf, 0xfe, 0xf,
    0x0, 0x7f, 0xf8, 0xc4, 0x3, 0xff, 0x82, 0xa0,
    0x1f, 0xfe, 0x41, 0x0, 0xff, 0xe0, 0x8, 0x7,
    0xff, 0x90, 0x80, 0x3f, 0xf8, 0x6, 0x1, 0xff,
    0xe4, 0x70, 0xf, 0xfe, 0x0, 0x80, 0x7f, 0xf9,
    0x4, 0x3, 0xff, 0xe2, 0x60, 0x1f, 0xff, 0x11,
    0x0, 0xff, 0xe0, 0x88, 0x7, 0xff, 0x8f, 0xc0,
    0x3f, 0xff, 0xe2, 0x1, 0xff, 0xff, 0x0, 0xff,
    0xff, 0x80, 0x7f, 0xf2, 0x44, 0x3, 0xff, 0x80,
    0x20, 0x1f, 0xfe, 0x41, 0x0, 0xff, 0xe0, 0x28,
    0x7, 0xff, 0xc4, 0x80, 0x3f, 0xfc, 0x9e, 0x1,
    0xff, 0xc0, 0xe0, 0xf, 0xff, 0x89, 0x0, 0x7f,
    0xf9, 0x4, 0x3, 0xff, 0x80, 0x80, 0x1f, 0xfe,
    0x42, 0x0, 0xff, 0x84, 0x40, 0x1f, 0xfe, 0x47,
    0x0, 0xff, 0x90, 0x3, 0xff, 0xca, 0x40, 0x1f,
    0xf6, 0x0, 0x7f, 0xf9, 0x44, 0x3, 0xfe, 0x40,
    0xf, 0xff, 0x21, 0x0, 0x7f, 0xc6, 0x40, 0x1f,
    0xfe, 0x47, 0x0, 0xff, 0xac, 0x3, 0xff, 0xcb,
    0xa0, 0x1f, 0xf2, 0x80, 0x7f, 0xf9, 0x4c, 0x3,
    0xfc, 0x64, 0x1, 0xff, 0xe5, 0x40, 0xf, 0xf4,
    0x80, 0x7f, 0xf9, 0x48, 0x3, 0xfc, 0x2a, 0x1,
    0xff, 0xe5, 0x50, 0xf, 0xf4, 0x80, 0x7f, 0xf9,
    0xac, 0x3, 0xfc, 0xc0, 0x1f, 0xfe, 0x51, 0x30,
    0xf, 0xe8, 0x10, 0xf, 0xff, 0x2b, 0x0, 0x7f,
    0xb, 0x80, 0x7f, 0xf9, 0xa8, 0x3, 0xfa, 0x0,
    0x3f, 0xfc, 0xc6, 0x40, 0x1f, 0x89, 0x80, 0x3f,
    0xe2, 0x7a, 0xba, 0x82, 0x0, 0xff, 0xea, 0x40,
    0x7, 0xf7, 0x0, 0x7f, 0xd3, 0xb0, 0xa8, 0xaf,
    0xac, 0x1, 0xff, 0xd2, 0x34, 0x0, 0xfc, 0xe6,
    0x1, 0xfe, 0xb6, 0x0, 0xfa, 0x4c, 0x3, 0xff,
    0xa3, 0x0, 0x1f, 0x8a, 0x0, 0x3f, 0xcc, 0x80,
    0x1f, 0xd2, 0x1, 0xff, 0xd0, 0x44, 0x0, 0x7e,
    0xe0, 0xf, 0xfa, 0xc0, 0x3f, 0xca, 0x20, 0x1f,
    0xfc, 0xf9, 0x0, 0xfd, 0x26, 0x1, 0xfe, 0x12,
    0x0, 0xff, 0x90, 0x3, 0xff, 0x9d, 0x24, 0x1,
    0xf2, 0xb0, 0x7, 0xfc, 0x40, 0x1f, 0xfc, 0xf,
    0x0, 0xff, 0xe6, 0xab, 0x0, 0x7c, 0x94, 0x1,
    0xff, 0xcd, 0x40, 0xf, 0xfe, 0x61, 0x50, 0x7,
    0xc7, 0x60, 0x1f, 0xfc, 0x12, 0x0, 0xff, 0xe0,
    0x9, 0x0, 0x7f, 0xf2, 0x87, 0x0, 0x3e, 0x2d,
    0x0, 0xff, 0xe1, 0x8, 0x80, 0x3f, 0xf8, 0x14,
    0x1, 0xff, 0xc9, 0x2c, 0x10, 0xf, 0x16, 0x8,
    0x7, 0xff, 0xd, 0xc0, 0x3f, 0xf8, 0xc, 0x1,
    0xff, 0xc8, 0x3c, 0x20, 0xf, 0x1e, 0x8, 0x7,
    0xff, 0x12, 0xc0, 0x3f, 0xf8, 0x3, 0x20, 0x1f,
    0xfc, 0x67, 0xc1, 0x0, 0xf2, 0x60, 0x80, 0x7f,
    0xf1, 0x49, 0x80, 0x3f, 0xf8, 0xc, 0xa0, 0x1f,
    0xfc, 0x33, 0xc8, 0x0, 0xfa, 0x2c, 0x3, 0xff,
    0x91, 0x26, 0x1, 0xff, 0xc0, 0xa7, 0x0, 0xff,
    0xe0, 0x2e, 0x60, 0xc0, 0x3c, 0x36, 0xe0, 0x1f,
    0xfc, 0xad, 0x30, 0xf, 0xfe, 0x4, 0x74, 0xa9,
    0x90, 0x91, 0xa3, 0xdf, 0xd1, 0x80, 0x7c, 0xbe,
    0x80, 0x1f, 0xfc, 0xb1, 0xc6, 0x0, 0xff, 0xe0,
    0xb, 0x56, 0x6f, 0x6e, 0x5c, 0x20, 0x7, 0xe2,
    0xca, 0x10, 0xf, 0xfe, 0x74, 0xd9, 0x0, 0x7f,
    0xf3, 0xca, 0x74, 0xc0, 0x3f, 0xfa, 0x29, 0xb6,
    0x60, 0x1f, 0xfc, 0xb3, 0xad, 0x60, 0xf, 0xfe,
    0xaa, 0x66, 0xc1, 0x80, 0x7f, 0xf1, 0x4a, 0x37,
    0x14, 0x3, 0xff, 0xb2, 0x4f, 0x9d, 0x72, 0xc8,
    0x44, 0x10, 0x0, 0x91, 0xa4, 0x5f, 0x6b, 0x90,
    0x7, 0xff, 0x44,

    /* U+0034 "4" */
    0x0, 0xff, 0xf2, 0x26, 0x7f, 0xf6, 0xa0, 0x7,
    0xff, 0xc4, 0x6c, 0xc0, 0x38, 0xb8, 0x3, 0xff,
    0xe3, 0x60, 0x1f, 0xb4, 0x3, 0xff, 0xe0, 0x4a,
    0x1, 0xf0, 0xb0, 0x7, 0xff, 0xc2, 0x0, 0x3f,
    0x40, 0x80, 0x7f, 0xfb, 0xcd, 0x40, 0x3e, 0x26,
    0x0, 0xff, 0xf8, 0x40, 0x7, 0xe9, 0x0, 0xff,
    0xf8, 0x1a, 0x0, 0x7c, 0x88, 0x0, 0xff, 0xf8,
    0x78, 0x7, 0xe9, 0x0, 0xff, 0xf8, 0x21, 0x80,
    0x7c, 0xc4, 0x1, 0xff, 0xf0, 0x80, 0xf, 0xd0,
    0x1, 0xff, 0xf0, 0x53, 0x0, 0xfa, 0x4, 0x3,
    0xff, 0xe1, 0x0, 0x1f, 0x13, 0x80, 0x7f, 0xfc,
    0x18, 0x80, 0x3e, 0x80, 0xf, 0xff, 0x8c, 0x0,
    0x7c, 0x6a, 0x1, 0xff, 0xf0, 0x71, 0x0, 0xfb,
    0xc0, 0x3f, 0xfe, 0x32, 0x1, 0xf3, 0x18, 0x7,
    0xff, 0xc1, 0xc4, 0x3, 0xe8, 0x0, 0xff, 0xf8,
    0xc, 0x80, 0x7d, 0x2, 0x1, 0xff, 0xf0, 0x91,
    0x0, 0xf0, 0xb8, 0x7, 0xff, 0xc0, 0x5c, 0x3,
    0xeb, 0x0, 0xff, 0xf8, 0xc0, 0x7, 0xc6, 0xa0,
    0x1f, 0xff, 0x1, 0x60, 0xf, 0xbc, 0x3, 0xff,
    0xe3, 0x0, 0x1f, 0x29, 0x80, 0x7f, 0xfc, 0x9,
    0x80, 0x3e, 0xb0, 0xf, 0xff, 0x8c, 0x0, 0x7c,
    0xe2, 0x1, 0xff, 0xf0, 0x35, 0x0, 0xf0, 0xc0,
    0x7, 0xff, 0xc6, 0x0, 0x3e, 0x80, 0xf, 0xff,
    0x89, 0xa0, 0x7, 0x89, 0x80, 0x3f, 0xfe, 0x3e,
    0x1, 0xf4, 0x80, 0x7f, 0xfc, 0x50, 0xc0, 0x3c,
    0x88, 0x0, 0xff, 0xf8, 0xc0, 0x7, 0xd2, 0x1,
    0xff, 0xf1, 0x53, 0x0, 0xf3, 0x90, 0x7, 0xff,
    0xc6, 0x0, 0x3c, 0x32, 0x1, 0xff, 0xf1, 0x62,
    0x0, 0xf4, 0x8, 0x7, 0xff, 0xc6, 0x0, 0x3c,
    0x4c, 0x1, 0xff, 0xf1, 0x61, 0x0, 0xf4, 0x80,
    0x7f, 0xfc, 0xa0, 0x3, 0xc8, 0x80, 0xf, 0xff,
    0x8b, 0x88, 0x7, 0xa4, 0x3, 0xff, 0x8a, 0x6c,
    0x20, 0x1f, 0xfd, 0xe9, 0x0, 0xf3, 0x10, 0x7,
    0xff, 0xc, 0xaf, 0x27, 0x0, 0x3f, 0xfb, 0xb0,
    0x20, 0x1e, 0x80, 0xf, 0xfe, 0x10, 0xce, 0xa0,
    0x0, 0x84, 0x3, 0xff, 0xb6, 0x2e, 0x1, 0xe8,
    0x10, 0xf, 0xfe, 0xb, 0xf3, 0x0, 0x7f, 0xf8,
    0x60, 0x3, 0xc4, 0xe0, 0x1f, 0xfc, 0x5, 0xd8,
    0x0, 0xff, 0xf1, 0xb, 0x0, 0x7a, 0x0, 0x3f,
    0xf8, 0x15, 0x42, 0x0, 0xff, 0xf1, 0xc0, 0x7,
    0x8d, 0x40, 0x3f, 0xe7, 0x50, 0xf, 0xff, 0x21,
    0x30, 0x7, 0xbc, 0x3, 0xff, 0x81, 0x40, 0x1f,
    0xfe, 0x58, 0x0, 0xf3, 0x18, 0x7, 0xff, 0x0,
    0x80, 0x3f, 0xfc, 0x84, 0xa0, 0x1e, 0x80, 0xf,
    0xff, 0x94, 0x80, 0x7a, 0x4, 0x3, 0xff, 0xe2,
    0x68, 0x1, 0xc2, 0xe0, 0x1f, 0xff, 0x28, 0x0,
    0xf5, 0x80, 0x7f, 0xfc, 0x91, 0x0, 0x1c, 0x6a,
    0x1, 0xff, 0xf2, 0x80, 0xf, 0x78, 0x7, 0xff,
    0xc9, 0x4c, 0x3, 0x94, 0xc0, 0x3f, 0xfe, 0x50,
    0x1, 0xeb, 0x0, 0xff, 0xf9, 0x29, 0x0, 0x73,
    0x88, 0x7, 0xff, 0xca, 0x0, 0x38, 0x60, 0x3,
    0xff, 0xe4, 0xc4, 0x1, 0xd0, 0x1, 0xff, 0xf3,
    0x80, 0xe, 0x26, 0x0, 0xff, 0xf9, 0x38, 0x80,
    0x74, 0x80, 0x7f, 0xfc, 0xe4, 0x3, 0x91, 0x0,
    0x1f, 0xff, 0x28, 0x10, 0xe, 0x90, 0xf, 0xff,
    0x90, 0xb8, 0x7, 0x39, 0x0, 0x7f, 0xfc, 0xa4,
    0x3, 0x86, 0x40, 0x3f, 0xfe, 0x42, 0xe0, 0x1d,
    0x2, 0x1, 0xff, 0xf2, 0x80, 0xe, 0x26, 0x0,
    0xff, 0xf9, 0x13, 0x0, 0x74, 0x80, 0x7f, 0xfc,
    0xe0, 0x3, 0x91, 0x0, 0x1f, 0xff, 0x22, 0x50,
    0xe, 0x90, 0xf, 0xff, 0x9c, 0x80, 0x73, 0x10,
    0x7, 0xff, 0xc8, 0xd0, 0x3, 0xa0, 0x3, 0xff,
    0xe7, 0x0, 0x1d, 0x2, 0x1, 0xff, 0xf2, 0x44,
    0x0, 0x62, 0x70, 0xf, 0xff, 0x9c, 0x0, 0x74,
    0x0, 0x7f, 0xfc, 0xd0, 0xc0, 0x31, 0xa8, 0x7,
    0xff, 0xce, 0x40, 0x3b, 0xc0, 0x3f, 0xfe, 0x6a,
    0x40, 0x19, 0x8c, 0x3, 0xff, 0xe7, 0x0, 0x1d,
    0x0, 0x1f, 0xff, 0x36, 0x20, 0xd, 0x2, 0x1,
    0xff, 0xf3, 0x80, 0xc, 0x2e, 0x1, 0xff, 0xf3,
    0x71, 0x0, 0xd6, 0x1, 0xff, 0xf4, 0x90, 0xc,
    0x6a, 0x1, 0xff, 0xf3, 0x71, 0x0, 0xde, 0x1,
    0xff, 0xf3, 0x18, 0x0, 0xc6, 0x60, 0xf, 0xff,
    0x9, 0x80, 0x7f, 0xf1, 0x64, 0x3, 0x98, 0x3,
    0xff, 0xaa, 0xc0, 0x1f, 0xfc, 0xb, 0x0, 0xff,
    0xe2, 0xb, 0x80, 0x72, 0xdc, 0x47, 0xff, 0x4e,
    0xe4, 0x3, 0xff, 0x80, 0xd9, 0x31, 0x1f, 0x9c,
    0x40, 0x34, 0x0, 0x7c, 0x8e, 0xff, 0xfd, 0x34,
    0x0, 0xff, 0xe1, 0x1b, 0x3b, 0xfe, 0x8f, 0x0,
    0x89, 0x80, 0x3f, 0xfe, 0xa2, 0x60, 0xb, 0x0,
    0xff, 0xfb, 0xb8, 0xb, 0x0, 0x7f, 0xfe, 0x64,
    0x3, 0xff, 0xf4, 0xc0, 0x1f, 0xff, 0x91, 0x10,
    0x7, 0xff, 0xe4, 0x40, 0x3f, 0xff, 0x2e, 0x8,
    0x1, 0xff, 0xf8, 0x10, 0xa6, 0x10, 0xf, 0xff,
    0xa0, 0xc1, 0x0, 0xcf, 0x7f, 0xff, 0xf6, 0xf0,
    0xc0, 0x3f, 0xf8, 0x5, 0x9f, 0xff, 0xdc, 0xe0,
    0x1f, 0xfe, 0x3, 0xe0, 0xf, 0xfe, 0x4, 0x98,
    0x7, 0xff, 0xb0, 0x80, 0x3f, 0xf8, 0xa, 0x1,
    0xff, 0xff, 0x0, 0xff, 0xff, 0x80, 0x7f, 0xff,
    0xc0, 0x3f, 0xff, 0xe0, 0x1f, 0xff, 0xf0, 0xf,
    0xff, 0xf8, 0x7, 0xff, 0xfc, 0x3, 0xff, 0xfe,
    0x1, 0xff, 0xff, 0x0, 0xff, 0xff, 0x80, 0x7f,
    0xff, 0xc0, 0x3f, 0xff, 0xe0, 0x1f, 0xff, 0xf0,
    0xf, 0xff, 0xf8, 0x7, 0xff, 0xfc, 0x3, 0xff,
    0xfe, 0x1, 0xff, 0xff, 0x0, 0xff, 0xff, 0x80,
    0x7f, 0xff, 0xc0, 0x3f, 0xff, 0xe0, 0x1f, 0xff,
    0xf0, 0xf, 0xff, 0xf8, 0x7, 0xff, 0xfc, 0x3,
    0xff, 0xfe, 0x1, 0xff, 0xe1, 0x30, 0xf, 0xff,
    0x69, 0x0, 0x7f, 0xf0, 0x18, 0x3, 0xff, 0xda,
    0x80, 0x1f, 0xfc, 0x3, 0x0, 0xff, 0xf6, 0xd0,
    0x7, 0xff, 0x2, 0xc0, 0x3f, 0xfd, 0x94, 0x60,
    0x1f, 0xfc, 0x3, 0x80, 0xf, 0xff, 0x38, 0xa4,
    0xfa, 0x80, 0x7f, 0xf0, 0x9f, 0x58, 0x40, 0x3f,
    0xfb, 0xa2, 0x6b, 0x15, 0x9d, 0xcb, 0x60, 0xf,
    0xfe, 0x29, 0x4f, 0x64, 0xb1, 0x80, 0x7f, 0xf5,
    0x46, 0x33, 0xfb, 0x29, 0xd4, 0xc4, 0x3, 0xff,
    0x96, 0x6d, 0x39, 0xfd, 0x22, 0x1, 0xff, 0xd1,
    0xb7, 0x30, 0xf, 0xfe, 0xc0, 0xb7, 0x80, 0x7f,
    0xf4, 0x5c, 0x3, 0xff, 0xb8, 0x26, 0x1, 0xff,
    0xd0, 0x50, 0xf, 0xfe, 0xe1, 0x18, 0x7, 0xff,
    0x42, 0x2e, 0x1d, 0xff, 0xfb, 0x11, 0x5a, 0x0,

    /* U+0035 "5" */
    0x0, 0xff, 0xf9, 0x33, 0x90, 0x7, 0xff, 0xc4,
    0xba, 0x63, 0x0, 0x3f, 0xfe, 0x5, 0x82, 0x0,
    0x12, 0x0, 0xff, 0xf7, 0x1e, 0x8, 0x6, 0x30,
    0xf, 0xff, 0x58, 0xa4, 0xe0, 0x80, 0x61, 0x10,
    0x7, 0xff, 0x29, 0x37, 0xff, 0xff, 0xa7, 0xd6,
    0xc0, 0x1e, 0x40, 0xf, 0xfe, 0x50, 0xd9, 0x0,
    0x7f, 0xf7, 0x3c, 0x3, 0xff, 0x94, 0xe0, 0x1f,
    0xfd, 0xe4, 0x0, 0xff, 0xe5, 0x60, 0x7, 0xff,
    0x74, 0xc4, 0x3, 0xff, 0x94, 0xe0, 0x1f, 0xfd,
    0xdb, 0x0, 0xff, 0xe5, 0x90, 0x7, 0xff, 0x75,
    0x0, 0x3f, 0xf9, 0x46, 0x1, 0xff, 0xdd, 0x13,
    0x0, 0xff, 0xe5, 0x28, 0x7, 0xff, 0x75, 0x0,
    0x3f, 0xf9, 0x7e, 0x1, 0xff, 0xdd, 0xf0, 0xf,
    0xfe, 0x5a, 0x80, 0x7f, 0xf7, 0x54, 0x3, 0xff,
    0x96, 0x60, 0x1f, 0xfd, 0xca, 0x0, 0xff, 0xe5,
    0x90, 0x7, 0x8a, 0x6e, 0xff, 0xfa, 0x9c, 0xa0,
    0x1f, 0xfc, 0xb7, 0x0, 0xf6, 0x32, 0x27, 0xff,
    0x50, 0x40, 0x3f, 0xf9, 0x98, 0x1, 0xcc, 0x20,
    0x1f, 0xfe, 0xe5, 0x0, 0xec, 0x0, 0xff, 0xf7,
    0x98, 0x7, 0x38, 0x7, 0xff, 0xb8, 0x80, 0x3c,
    0x40, 0x1f, 0xfe, 0xe7, 0x0, 0xe3, 0x0, 0xff,
    0xf7, 0xe8, 0x7, 0x28, 0x7, 0xff, 0xbc, 0xc0,
    0x3b, 0xc0, 0x3f, 0xfd, 0xea, 0x1, 0xca, 0x1,
    0xff, 0xee, 0x11, 0x0, 0x71, 0x80, 0x7f, 0xfb,
    0x94, 0x3, 0x88, 0x3, 0xff, 0xde, 0x60, 0x1c,
    0xe0, 0x1f, 0xfe, 0xfd, 0x0, 0xed, 0x0, 0xff,
    0xf7, 0xb8, 0x7, 0x18, 0x7, 0xff, 0xb8, 0x48,
    0x3, 0x94, 0x3, 0xff, 0xdc, 0xa0, 0x1c, 0x22,
    0x0, 0xff, 0xf7, 0x18, 0x7, 0x28, 0x7, 0xff,
    0xbf, 0x40, 0x38, 0xc0, 0x3f, 0xfd, 0xee, 0x1,
    0xda, 0x1, 0xff, 0xef, 0x20, 0xe, 0x70, 0xf,
    0xff, 0x71, 0x80, 0x78, 0x80, 0x3f, 0xfd, 0xca,
    0x1, 0xc6, 0x1, 0xff, 0xef, 0xf0, 0xe, 0x50,
    0xf, 0xff, 0x7a, 0x80, 0x77, 0x80, 0x7f, 0xfb,
    0xcc, 0x3, 0x94, 0x3, 0xff, 0xdc, 0x40, 0x1e,
    0x30, 0xf, 0xff, 0x73, 0x80, 0x71, 0x0, 0x7f,
    0xfb, 0xf4, 0x3, 0x9c, 0x3, 0xff, 0xde, 0x80,
    0x1d, 0xa0, 0x1f, 0xfe, 0xf3, 0x0, 0xe3, 0x0,
    0xff, 0xf7, 0x10, 0x7, 0x94, 0x3, 0xff, 0xdc,
    0xe0, 0x1e, 0x10, 0xf, 0xff, 0x76, 0x80, 0x79,
    0x40, 0x3f, 0xfd, 0xc6, 0x1, 0xea, 0xda, 0x86,
    0x41, 0x0, 0xff, 0xf4, 0x28, 0x7, 0xc4, 0xaf,
    0x37, 0xdc, 0xb8, 0x40, 0xf, 0xff, 0x18, 0x88,
    0x3, 0xff, 0x82, 0x28, 0xf7, 0xf8, 0xe4, 0x1,
    0xff, 0xdf, 0x50, 0xf, 0xfe, 0x39, 0xc6, 0xe9,
    0xc4, 0x3, 0xff, 0xb8, 0x60, 0x1f, 0xfc, 0xa2,
    0x8e, 0xb4, 0x0, 0xff, 0xed, 0x68, 0x7, 0xff,
    0x35, 0x2f, 0x14, 0x3, 0xff, 0xb0, 0xe0, 0x1f,
    0xfc, 0xf3, 0xac, 0x30, 0xf, 0xfe, 0xa8, 0x90,
    0x7, 0xff, 0x44, 0xf2, 0x84, 0x3, 0xff, 0xa6,
    0xa0, 0x1f, 0xfd, 0x45, 0xf4, 0x0, 0xff, 0xe9,
    0x10, 0x7, 0xff, 0x54, 0x6e, 0x0, 0x3f, 0xfe,
    0xaf, 0x82, 0x1, 0xff, 0xcf, 0x72, 0x0, 0xff,
    0xeb, 0x9e, 0x10, 0x7, 0xff, 0x38, 0x77, 0x25,
    0xd5, 0x8, 0x3, 0xff, 0xa4, 0x58, 0x40, 0x1f,
    0xfc, 0xf3, 0x68, 0xab, 0xdf, 0xda, 0x74, 0x0,
    0xff, 0xe7, 0xe, 0x18, 0x7, 0xff, 0x54, 0x96,
    0x2f, 0xf2, 0xc, 0x3, 0xff, 0x96, 0x3a, 0x40,
    0x1f, 0xfd, 0x93, 0x7c, 0xe8, 0x30, 0xf, 0xfe,
    0x48, 0xf8, 0x80, 0x7f, 0xf6, 0xc5, 0xf3, 0x58,
    0x3, 0xff, 0x90, 0x5a, 0x1, 0xff, 0xde, 0x29,
    0xe7, 0x0, 0xff, 0xe3, 0x9c, 0x0, 0x7f, 0xf7,
    0xc6, 0x35, 0x0, 0x3f, 0xf8, 0xce, 0x80, 0x1f,
    0xfe, 0x2, 0xbb, 0x8, 0x7, 0xff, 0x16, 0x84,
    0x3, 0xff, 0xc2, 0x9e, 0x60, 0x1f, 0xfc, 0x41,
    0x80, 0xf, 0xff, 0x10, 0xe3, 0x0, 0x7f, 0xf1,
    0x18, 0xc0, 0x3f, 0xfc, 0x72, 0xc0, 0x1f, 0xfc,
    0x4f, 0x0, 0xff, 0xf2, 0x4b, 0x0, 0x7f, 0xf0,
    0xcd, 0x0, 0x3f, 0xfc, 0x92, 0x60, 0x1f, 0xfc,
    0x38, 0x0, 0xff, 0xf2, 0xe8, 0x80, 0x7f, 0xf0,
    0x8c, 0xc0, 0x1f, 0xfe, 0x41, 0xa0, 0xf, 0xfe,
    0x1c, 0x80, 0x7f, 0xf9, 0x51, 0x40, 0x3f, 0xf8,
    0x4a, 0x20, 0x1f, 0xfe, 0x5b, 0x10, 0xf, 0xfe,
    0x13, 0x80, 0x7f, 0xf9, 0x46, 0x40, 0x3f, 0xf8,
    0x54, 0x1, 0xff, 0xe6, 0x70, 0xf, 0xfe, 0x11,
    0x88, 0x7, 0xff, 0x99, 0xc0, 0x3f, 0xf8, 0x4e,
    0x1, 0xff, 0xe6, 0x90, 0xf, 0xfe, 0x16, 0x0,
    0x7f, 0xf9, 0x85, 0x0, 0x3f, 0xf8, 0x2a, 0x1,
    0xff, 0xe7, 0xe0, 0xf, 0xfe, 0x11, 0x0, 0x7f,
    0xf9, 0x94, 0x3, 0xff, 0x84, 0x80, 0x1f, 0xfe,
    0x73, 0x0, 0xff, 0xe0, 0xf8, 0x7, 0xff, 0x9d,
    0x0, 0x3f, 0xf8, 0x2a, 0x1, 0xff, 0xe7, 0xb0,
    0xf, 0xfe, 0x9, 0x80, 0x7f, 0xf9, 0xcc, 0x3,
    0xff, 0x84, 0x20, 0x1f, 0xfe, 0x72, 0x0, 0xff,
    0xe0, 0x90, 0x7, 0xff, 0x9d, 0xc0, 0x3f, 0xf8,
    0x2c, 0x1, 0xff, 0xe7, 0x20, 0xf, 0xfe, 0x9,
    0x80, 0x7f, 0xf9, 0xf8, 0x3, 0xff, 0x82, 0x20,
    0x1f, 0xfe, 0x72, 0x0, 0xff, 0xe0, 0xf8, 0x7,
    0xff, 0x9d, 0xc0, 0x3f, 0xf8, 0x22, 0x1, 0xff,
    0xe7, 0x20, 0xf, 0xff, 0xa8, 0x80, 0x7f, 0xff,
    0xc0, 0x3f, 0xff, 0x42, 0x1, 0xff, 0xff, 0x0,
    0xff, 0xef, 0x88, 0x7, 0xff, 0x3, 0xc0, 0x3f,
    0xfd, 0x2, 0x1, 0xff, 0xc0, 0x20, 0xf, 0xff,
    0xa8, 0x80, 0x7f, 0xfd, 0x58, 0x3, 0xff, 0xea,
    0x40, 0x1f, 0xfe, 0x71, 0x0, 0xff, 0xe0, 0x10,
    0x7, 0xff, 0xa0, 0xc0, 0x3f, 0xf8, 0xc, 0x1,
    0xff, 0xe8, 0x60, 0xf, 0xfe, 0x6, 0x0, 0x7f,
    0xfa, 0x8, 0x3, 0xff, 0x80, 0x60, 0x1f, 0xfe,
    0x8e, 0x0, 0xff, 0xe0, 0x20, 0x7, 0xff, 0xa0,
    0x80, 0x3f, 0xe4, 0x0, 0xff, 0xf4, 0xb8, 0x7,
    0xfd, 0x80, 0x1f, 0xfe, 0x92, 0x0, 0xff, 0x94,
    0x3, 0xff, 0xd0, 0x60, 0x1f, 0xf1, 0x90, 0x7,
    0xff, 0xa1, 0x0, 0x3f, 0xea, 0x0, 0xff, 0xf4,
    0xe0, 0x7, 0xfc, 0xc0, 0x1f, 0xfe, 0x94, 0x0,
    0xff, 0x38, 0x7, 0xff, 0xa5, 0x40, 0x3f, 0xe9,
    0x0, 0xff, 0xf4, 0xf0, 0x7, 0xf9, 0x84, 0x3,
    0xff, 0xd0, 0x28, 0x1, 0xfc, 0x30, 0x1, 0xff,
    0xe9, 0x90, 0xf, 0xf4, 0x88, 0x7, 0xf8, 0xe2,
    0xae, 0x50, 0x3, 0xff, 0xb0, 0x2c, 0x1, 0xfc,
    0x6e, 0x1, 0xfe, 0xbc, 0x75, 0x46, 0xbb, 0x0,
    0x7f, 0xf5, 0xe4, 0x40, 0x3f, 0xb8, 0x3, 0xfd,
    0x88, 0x1, 0xe4, 0xa0, 0xf, 0xfe, 0xa8, 0xb8,
    0x7, 0xf4, 0x10, 0x7, 0xf3, 0x18, 0x7, 0xe5,
    0x30, 0xf, 0xfe, 0xa5, 0x80, 0x7f, 0x23, 0x80,
    0x7f, 0xa8, 0x3, 0xfd, 0xe0, 0x1f, 0xfd, 0x35,
    0x50, 0x7, 0xe2, 0xa0, 0xf, 0xf8, 0xc0, 0x3f,
    0xc6, 0x80, 0x1f, 0xfd, 0x11, 0xb0, 0xf, 0xef,
    0x10, 0xf, 0xf0, 0x80, 0x7f, 0xf0, 0x3c, 0x3,
    0xff, 0xa3, 0xa2, 0x1, 0xfa, 0xc8, 0x3, 0xfe,
    0x10, 0xf, 0xfe, 0x2, 0x10, 0x7, 0xff, 0x3e,
    0x8c, 0x3, 0xf5, 0x20, 0x7, 0xff, 0x4, 0x40,
    0x3f, 0xf8, 0x10, 0x1, 0xff, 0xce, 0x95, 0x0,
    0xfd, 0x4a, 0x1, 0xff, 0xc2, 0x40, 0xf, 0xfe,
    0x2, 0x98, 0x7, 0xff, 0x32, 0x98, 0x3, 0xf5,
    0x28, 0x7, 0xff, 0xf, 0x80, 0x3f, 0xf8, 0x3c,
    0x1, 0xff, 0xca, 0x2c, 0x50, 0xf, 0x87, 0x14,
    0x3, 0xff, 0x88, 0x88, 0x0, 0xff, 0xe0, 0x15,
    0x80, 0x7f, 0xf2, 0x1f, 0x4c, 0x3, 0xe3, 0xf3,
    0x0, 0xff, 0xe3, 0x50, 0x80, 0x7f, 0xf0, 0x12,
    0xc0, 0x3f, 0xf8, 0xad, 0xd0, 0x1, 0xf9, 0xf0,
    0x40, 0x3f, 0xf8, 0xe3, 0x82, 0x1, 0xff, 0xc0,
    0x4d, 0x40, 0xf, 0xfe, 0x1, 0xc7, 0x48, 0x80,
    0x7c, 0x57, 0x0, 0x1f, 0xfc, 0xa2, 0xf3, 0x0,
    0xff, 0xe0, 0x15, 0xf4, 0xb1, 0x90, 0x88, 0xd1,
    0xab, 0x71, 0xc4, 0x3, 0xf4, 0x6a, 0x0, 0x7f,
    0xf3, 0x7, 0x20, 0x3, 0xff, 0x82, 0x2d, 0x39,
    0xbd, 0xcc, 0xb9, 0x52, 0x0, 0xfe, 0x6e, 0x70,
    0xf, 0xfe, 0x83, 0xf3, 0x0, 0x7f, 0xf4, 0x9f,
    0xa4, 0x40, 0x3f, 0xfa, 0x43, 0x3c, 0xe2, 0x1,
    0xff, 0xcc, 0x39, 0xf8, 0x10, 0xf, 0xfe, 0xb0,
    0xc7, 0x63, 0x98, 0x7, 0xff, 0x19, 0x27, 0xb1,
    0x80, 0x3f, 0xfb, 0x87, 0x19, 0xf9, 0x2c, 0x84,
    0x20, 0x18, 0x4d, 0x1e, 0x73, 0xed, 0x84, 0x3,
    0xff, 0xa4,

    /* U+0036 "6" */
    0x0, 0xff, 0xf7, 0x88, 0x7, 0xff, 0xc1, 0x23,
    0x3f, 0xb8, 0x40, 0x1f, 0xfe, 0xb4, 0xae, 0xb7,
    0x30, 0x0, 0xc8, 0x7, 0xff, 0xa0, 0xa3, 0xad,
    0x44, 0x3, 0xcc, 0x1, 0xff, 0xe6, 0x3a, 0xd7,
    0x10, 0xf, 0xe5, 0x0, 0xff, 0xf2, 0x1d, 0xe2,
    0x80, 0x7f, 0x8e, 0x60, 0x3, 0xff, 0xc4, 0x55,
    0x88, 0x1, 0xfc, 0x2f, 0xb8, 0xc0, 0x1f, 0xfe,
    0x28, 0xd5, 0x0, 0xfe, 0x4b, 0xe8, 0x20, 0xf,
    0xff, 0x12, 0x73, 0x80, 0x7f, 0x36, 0xda, 0x0,
    0x7f, 0xf9, 0x26, 0xc4, 0x3, 0xf3, 0x74, 0x90,
    0x7, 0xff, 0x90, 0xf5, 0x80, 0x3f, 0x37, 0x48,
    0x80, 0x7f, 0xf9, 0x5b, 0x8, 0x3, 0xe3, 0xc9,
    0x10, 0xf, 0xff, 0x35, 0x48, 0x7, 0xe9, 0xc3,
    0x0, 0xff, 0xf3, 0xd, 0xa8, 0x7, 0xc7, 0xcc,
    0x1, 0xff, 0xe7, 0x2c, 0x40, 0xf, 0xa3, 0x4,
    0x3, 0xff, 0xce, 0x78, 0x40, 0x1e, 0x1c, 0x70,
    0xf, 0xff, 0x42, 0x60, 0x80, 0x78, 0xfc, 0xc0,
    0x3f, 0xfd, 0x9, 0x60, 0x1f, 0x2e, 0x8, 0x7,
    0xff, 0xa1, 0x2c, 0x3, 0xe5, 0xa0, 0xf, 0xff,
    0x4a, 0x58, 0x7, 0xcd, 0x40, 0x1f, 0xfe, 0x93,
    0xb0, 0xf, 0x9a, 0x40, 0x3f, 0xfd, 0x27, 0x80,
    0x1f, 0x2c, 0x80, 0x7f, 0xfa, 0x47, 0x40, 0x3e,
    0x3a, 0x0, 0xff, 0xf5, 0x68, 0x80, 0x78, 0xb0,
    0x3, 0xff, 0xd5, 0x46, 0x1, 0xf7, 0x80, 0x7f,
    0xfa, 0x9d, 0x40, 0x3e, 0xa2, 0x0, 0xff, 0xf4,
    0xac, 0x0, 0x7c, 0xca, 0x1, 0xff, 0xe9, 0x1b,
    0x0, 0xf8, 0xa4, 0x3, 0xff, 0xd5, 0x42, 0x1,
    0xf7, 0x0, 0x7f, 0xfa, 0x9d, 0x0, 0x3e, 0x73,
    0x0, 0xff, 0xf4, 0x9c, 0x0, 0x7c, 0x30, 0x1,
    0xff, 0xea, 0xe0, 0xf, 0xd6, 0x1, 0xff, 0xea,
    0x92, 0x0, 0xf8, 0xd4, 0x3, 0xff, 0xd2, 0x6c,
    0x1, 0xfb, 0xc0, 0x3f, 0xfd, 0x5e, 0x1, 0xf9,
    0x4c, 0x3, 0xff, 0xd2, 0xc6, 0x1, 0xfa, 0x0,
    0x3f, 0xfd, 0x23, 0x0, 0x1f, 0x94, 0x80, 0x3f,
    0xfd, 0x30, 0x20, 0x1f, 0xa0, 0x3, 0xff, 0xd2,
    0x6c, 0x1, 0xf9, 0x8, 0x3, 0xff, 0xd3, 0x0,
    0x1f, 0xde, 0x1, 0xff, 0xe9, 0x34, 0x0, 0xfc,
    0x48, 0x1, 0xff, 0xe9, 0x80, 0xf, 0xeb, 0x0,
    0xff, 0xf4, 0x9a, 0x0, 0x7f, 0x30, 0x7, 0xff,
    0xa6, 0x0, 0x3f, 0x94, 0x3, 0xff, 0xd2, 0x68,
    0x1, 0xfd, 0xc0, 0x1f, 0xfe, 0x98, 0x0, 0xfe,
    0x14, 0x0, 0xff, 0xf4, 0x12, 0x0, 0x7f, 0x30,
    0x7, 0xff, 0xa6, 0x80, 0x3f, 0xd6, 0x1, 0xff,
    0xe9, 0x60, 0xf, 0xe1, 0x30, 0xf, 0xff, 0x43,
    0x8, 0x7, 0xf3, 0x80, 0x7f, 0xfa, 0x68, 0x3,
    0xfd, 0xa0, 0x1f, 0xfe, 0x83, 0x30, 0x7, 0xf9,
    0x0, 0x3f, 0xfd, 0x14, 0x1, 0xfe, 0x40, 0xf,
    0xe2, 0x57, 0x9a, 0xba, 0xa4, 0x32, 0x8, 0x7,
    0xff, 0x51, 0xc0, 0x3f, 0xd8, 0x1, 0xe5, 0xae,
    0xda, 0x86, 0x54, 0x55, 0x3c, 0xdf, 0x6c, 0x18,
    0x7, 0xff, 0x41, 0x4, 0x3, 0xfc, 0xa0, 0x10,
    0xc7, 0x52, 0x88, 0x7, 0xff, 0x0, 0x9f, 0x30,
    0xa0, 0x1f, 0xfc, 0xed, 0x0, 0xff, 0x88, 0x0,
    0xde, 0xe2, 0x1, 0xff, 0xc6, 0x3a, 0xd4, 0x0,
    0xff, 0xe6, 0x38, 0x7, 0xfc, 0x87, 0x92, 0x20,
    0x1f, 0xfc, 0xa2, 0xba, 0x10, 0xf, 0xfe, 0x4a,
    0x8, 0x7, 0xfd, 0x78, 0x60, 0x1f, 0x2c, 0xe7,
    0x7f, 0xbb, 0x65, 0x80, 0x3f, 0x97, 0xd0, 0x3,
    0xff, 0x91, 0xc0, 0x1f, 0xfc, 0x72, 0xaf, 0xa6,
    0x31, 0x0, 0x9, 0x34, 0xfc, 0x88, 0x7, 0xc3,
    0x6c, 0x1, 0xff, 0xc7, 0x40, 0xf, 0xfe, 0x34,
    0x6a, 0x80, 0x7f, 0xf0, 0x1b, 0x98, 0x3, 0xf4,
    0xc0, 0x7, 0xff, 0x14, 0xc4, 0x3, 0xff, 0x88,
    0x38, 0xe0, 0x1f, 0xfc, 0x49, 0x90, 0x7, 0xe7,
    0x80, 0xf, 0xfe, 0x25, 0x80, 0x7f, 0xf1, 0x7,
    0xc, 0x3, 0xff, 0x8c, 0xd2, 0x1, 0xf9, 0xdc,
    0x1, 0xff, 0xc3, 0x40, 0xf, 0xfe, 0x26, 0x10,
    0x7, 0xff, 0x21, 0x9c, 0x3, 0xf4, 0x28, 0x7,
    0xff, 0x8, 0xc0, 0x3f, 0xf8, 0x74, 0x40, 0x1f,
    0xfc, 0xa8, 0x20, 0xf, 0xd4, 0x40, 0x1f, 0xfc,
    0x4, 0x0, 0xff, 0xe1, 0xb2, 0x80, 0x7f, 0xf3,
    0x38, 0x3, 0xfb, 0xc0, 0x3f, 0xf8, 0x18, 0x1,
    0xff, 0xc3, 0x80, 0xf, 0xfe, 0x69, 0xa8, 0x7,
    0xe2, 0x90, 0xf, 0xf9, 0x0, 0x3f, 0xf8, 0x50,
    0x20, 0x1f, 0xfc, 0xe8, 0x0, 0xfe, 0x64, 0x0,
    0xff, 0x18, 0x7, 0xff, 0x4, 0x5c, 0x3, 0xff,
    0x9e, 0x48, 0x1, 0xfd, 0x20, 0x1f, 0xc6, 0x1,
    0xff, 0xc2, 0x60, 0xf, 0xfe, 0x8f, 0x0, 0x7f,
    0x13, 0x0, 0x7e, 0x50, 0xf, 0xfe, 0x14, 0x80,
    0x7f, 0xf4, 0x54, 0x3, 0xfd, 0x0, 0x1f, 0xbc,
    0x3, 0xff, 0x82, 0x82, 0x1, 0xff, 0xd2, 0x40,
    0xf, 0xe1, 0x70, 0xf, 0x88, 0x3, 0xff, 0x83,
    0xa0, 0x1f, 0xfd, 0x3d, 0x0, 0xff, 0x48, 0x7,
    0xca, 0x1, 0xff, 0xc1, 0x70, 0xf, 0xfe, 0x9a,
    0x0, 0x7f, 0x85, 0x80, 0x38, 0x44, 0x1, 0xff,
    0xc0, 0x31, 0x0, 0xff, 0xe9, 0x90, 0x80, 0x7f,
    0xa8, 0x3, 0x88, 0x3, 0xff, 0x82, 0x80, 0x1f,
    0xfd, 0x54, 0x0, 0xff, 0x19, 0x0, 0x66, 0x0,
    0xff, 0xe0, 0xd8, 0x7, 0xff, 0x57, 0x40, 0x3f,
    0xea, 0x0, 0xc4, 0x1, 0xff, 0xc1, 0x30, 0xf,
    0xfe, 0xa9, 0x80, 0x7f, 0xca, 0x1, 0xb8, 0x3,
    0xff, 0x80, 0x40, 0x1f, 0xfd, 0x65, 0x0, 0xff,
    0x88, 0xc0, 0x22, 0x0, 0xff, 0xe0, 0x38, 0x7,
    0xff, 0x58, 0x40, 0x3f, 0xf8, 0x16, 0x1, 0x38,
    0x7, 0xff, 0x3, 0x40, 0x3f, 0xfa, 0xe4, 0x1,
    0xff, 0x20, 0x4, 0x40, 0x1f, 0xfc, 0x3, 0x0,
    0xff, 0xeb, 0xb0, 0x7, 0xfc, 0x60, 0x10, 0x80,
    0x7f, 0xf0, 0x18, 0x3, 0xff, 0xae, 0x40, 0x1f,
    0xfc, 0x3, 0x0, 0xff, 0xe1, 0x90, 0x7, 0xff,
    0x5f, 0x80, 0x3f, 0xf8, 0x8, 0x2, 0x1, 0xff,
    0xc0, 0x10, 0xf, 0xfe, 0xc1, 0x0, 0x7f, 0xf0,
    0x34, 0xc, 0x3, 0xff, 0x80, 0x40, 0x1f, 0xfd,
    0x81, 0x0, 0xff, 0xe0, 0x38, 0x7, 0xff, 0x9,
    0xc0, 0x3f, 0xfb, 0xe, 0x1, 0xff, 0xc0, 0x20,
    0x10, 0xf, 0xfe, 0x1, 0x0, 0x7f, 0xf6, 0x4,
    0x3, 0xff, 0x82, 0x20, 0x1f, 0xfc, 0x11, 0x0,
    0xff, 0xec, 0x18, 0x7, 0xff, 0x4, 0x80, 0x3f,
    0xf8, 0x3e, 0x1, 0xff, 0xd8, 0x10, 0xf, 0xfe,
    0xb, 0x0, 0x7f, 0xf0, 0x44, 0x3, 0xff, 0xcc,
    0x40, 0x1f, 0xfc, 0x13, 0x0, 0xff, 0xf3, 0x88,
    0x7, 0xff, 0x0, 0x40, 0x3f, 0xfb, 0x22, 0x1,
    0xff, 0xc0, 0xf3, 0x0, 0xff, 0xe0, 0x38, 0x7,
    0xff, 0x98, 0x40, 0x3f, 0xfe, 0xa2, 0x1, 0xff,
    0xe6, 0x30, 0xf, 0xfe, 0x1, 0x80, 0x7f, 0xff,
    0xc0, 0x21, 0x0, 0xff, 0xf4, 0x10, 0x7, 0xff,
    0xd0, 0x40, 0x3f, 0xe1, 0x0, 0xff, 0xec, 0x98,
    0x7, 0xff, 0x0, 0xc1, 0x80, 0x3f, 0xfe, 0x42,
    0x4, 0x1, 0xff, 0xf2, 0xf0, 0xe0, 0xf, 0xff,
    0x28, 0x80, 0x7f, 0xf0, 0x8, 0x8, 0x3, 0xfe,
    0x70, 0xf, 0xff, 0x30, 0x83, 0x0, 0x7f, 0xc2,
    0x1, 0xff, 0xe6, 0x60, 0x20, 0xf, 0xf8, 0xc0,
    0x3f, 0xfb, 0x2, 0x1, 0xff, 0xc1, 0x20, 0x1,
    0x80, 0x7f, 0x84, 0x3, 0xff, 0xb0, 0x60, 0x1f,
    0xfc, 0x2, 0x0, 0x94, 0x3, 0xfd, 0xe0, 0x1f,
    0xfd, 0x81, 0x0, 0xff, 0xe0, 0x38, 0x5, 0xe0,
    0x1f, 0xe1, 0x0, 0xff, 0xec, 0x30, 0x7, 0xff,
    0x3, 0x40, 0x25, 0x0, 0xff, 0x10, 0x7, 0xff,
    0x60, 0xc0, 0x3f, 0xf8, 0x8, 0x1, 0x18, 0x7,
    0xf9, 0xc0, 0x3f, 0xfb, 0x1c, 0x1, 0xff, 0xc0,
    0x30, 0xc, 0x80, 0x1f, 0xc4, 0x1, 0xff, 0xd8,
    0x20, 0xf, 0xf8, 0xc0, 0x3b, 0x40, 0x3f, 0x84,
    0x3, 0xff, 0xb0, 0xc0, 0x1f, 0xf5, 0x80, 0x72,
    0x0, 0x7f, 0x8c, 0x3, 0xff, 0xae, 0x40, 0x1f,
    0xf2, 0x0, 0x71, 0x10, 0x3, 0xf9, 0x80, 0x3f,
    0xfa, 0xe2, 0x1, 0xfe, 0x13, 0x0, 0xf2, 0x80,
    0x7f, 0x68, 0x7, 0xff, 0x58, 0xc0, 0x3f, 0xe6,
    0x0, 0xfa, 0xc0, 0x3f, 0x8c, 0x3, 0xff, 0xac,
    0xa0, 0x1f, 0xf5, 0x80, 0x7c, 0x64, 0x1, 0xf9,
    0x40, 0x3f, 0xfa, 0xde, 0x1, 0xfe, 0x33, 0x0,
    0x7e, 0xa0, 0xf, 0xc2, 0x40, 0x1f, 0xfd, 0x54,
    0x0, 0xff, 0x50, 0x7, 0xf3, 0x0, 0x7f, 0x20,
    0x7, 0xff, 0x50, 0x48, 0x3, 0xf8, 0x58, 0x3,
    0xf8, 0x54, 0x3, 0xf6, 0x0, 0x7f, 0xf5, 0x10,
    0x3, 0xfc, 0xc0, 0x1f, 0xf4, 0x80, 0x7e, 0x50,
    0xf, 0xfe, 0xa6, 0x0, 0x7f, 0xa4, 0x3, 0xfe,
    0x33, 0x0, 0x7e, 0x50, 0xf, 0xfe, 0x9b, 0x80,
    0x7f, 0x38, 0x80, 0x7f, 0xf0, 0x20, 0x3, 0xf7,
    0x80, 0x7f, 0xf4, 0x90, 0x40, 0x3f, 0xa4, 0x3,
    0xff, 0x82, 0x88, 0x0, 0xf9, 0x44, 0x3, 0xff,
    0xa3, 0xc0, 0x1f, 0xd0, 0x20, 0x1f, 0xfc, 0x29,
    0x0, 0xfd, 0x20, 0x1f, 0xfd, 0x1, 0x50, 0xf,
    0xc4, 0xe0, 0x1f, 0xfc, 0x32, 0x60, 0xf, 0x98,
    0x3, 0xff, 0xa1, 0x20, 0x1f, 0xdc, 0x1, 0xff,
    0xc5, 0x91, 0x0, 0xf0, 0xc0, 0x7, 0xff, 0x38,
    0x5c, 0x3, 0xf3, 0x98, 0x7, 0xff, 0x1a, 0x80,
    0x3e, 0x72, 0x0, 0xff, 0xe6, 0xd8, 0x7, 0xe3,
    0x80, 0xf, 0xfe, 0x3a, 0x38, 0x7, 0xdc, 0x1,
    0xff, 0xcc, 0x45, 0x0, 0xfd, 0xc0, 0x1f, 0xfc,
    0x98, 0x30, 0xf, 0x1c, 0x80, 0x7f, 0xf2, 0x86,
    0x80, 0x3f, 0x59, 0x0, 0x7f, 0xf2, 0xb4, 0x80,
    0x3c, 0xd0, 0x1, 0xff, 0xc8, 0x1c, 0x10, 0xf,
    0xa5, 0x0, 0x3f, 0xf9, 0x63, 0xe2, 0x1, 0xe7,
    0x90, 0xf, 0xfe, 0x31, 0x61, 0x0, 0x7d, 0xc,
    0x1, 0xff, 0xcd, 0x2c, 0x10, 0xf, 0x36, 0x10,
    0x7, 0xff, 0xd, 0x74, 0x80, 0x3e, 0x87, 0x0,
    0xff, 0xe7, 0x96, 0x10, 0x7, 0x8f, 0x64, 0x80,
    0x3f, 0xe4, 0xca, 0x0, 0xfd, 0x4e, 0x1, 0xff,
    0xd1, 0x2c, 0x40, 0xf, 0x9b, 0x72, 0x14, 0xc8,
    0x48, 0xda, 0x7a, 0xcc, 0x3, 0xe1, 0xc5, 0x0,
    0xff, 0xe9, 0x8d, 0xc0, 0x7, 0xe3, 0x7a, 0xcd,
    0xed, 0xc9, 0x61, 0x0, 0xfc, 0xbe, 0x60, 0x1f,
    0xfd, 0x67, 0xd3, 0x0, 0xff, 0xe5, 0x8d, 0x50,
    0x40, 0x3f, 0xfb, 0x5, 0x94, 0x60, 0x1f, 0xfc,
    0x71, 0x8e, 0x50, 0xf, 0xfe, 0xe2, 0xe6, 0x18,
    0x40, 0x3f, 0xf8, 0x49, 0x5c, 0xe0, 0x1f, 0xfe,
    0x3, 0x9e, 0xc8, 0x53, 0x10, 0x8, 0x49, 0x1e,
    0xfe, 0xd4, 0x3, 0xff, 0x96,

    /* U+0037 "7" */
    0x0, 0xe2, 0x44, 0xff, 0xf6, 0x18, 0x7, 0xaf,
    0x6e, 0xff, 0xfd, 0x99, 0xc6, 0x1, 0x32, 0x0,
    0x7f, 0xfb, 0x86, 0x80, 0x2a, 0x0, 0xff, 0xf8,
    0x18, 0x0, 0x4c, 0x3, 0xff, 0xe1, 0xa0, 0x4,
    0x0, 0xff, 0xf8, 0xa0, 0x3, 0xc0, 0x3f, 0xfe,
    0x26, 0x0, 0x40, 0xf, 0xff, 0x82, 0x80, 0xc,
    0x40, 0x3f, 0xfe, 0x18, 0x0, 0x40, 0xf, 0xff,
    0x8b, 0x80, 0x2c, 0x3, 0xff, 0xe0, 0x82, 0x2,
    0x60, 0x1f, 0xff, 0xd, 0x0, 0x20, 0x7, 0x86,
    0x33, 0xbf, 0xff, 0xfb, 0xf8, 0x40, 0x1e, 0x70,
    0x6, 0x80, 0x72, 0xf3, 0x98, 0x80, 0x7f, 0xf7,
    0xce, 0xc0, 0x38, 0xc4, 0x0, 0x20, 0x19, 0xa8,
    0x3, 0xff, 0xc8, 0x20, 0x1d, 0x60, 0x17, 0x0,
    0x4b, 0x20, 0x1f, 0xfe, 0x5c, 0x0, 0xe5, 0x0,
    0x9d, 0xcb, 0x34, 0x1, 0xff, 0xe5, 0x14, 0x0,
    0xc6, 0x40, 0x1a, 0x29, 0x80, 0x3f, 0xfc, 0xce,
    0x1, 0xd6, 0x1, 0xff, 0xee, 0xa0, 0xe, 0x50,
    0xf, 0xff, 0x69, 0x18, 0x6, 0x22, 0x0, 0x7f,
    0xfb, 0x54, 0x3, 0x94, 0x3, 0xff, 0xdd, 0x40,
    0x1d, 0x60, 0x1f, 0xfe, 0xd3, 0x20, 0xc, 0x46,
    0x1, 0xff, 0xed, 0xb0, 0xe, 0x50, 0xf, 0xff,
    0x73, 0x0, 0x75, 0x80, 0x7f, 0xfb, 0x50, 0x40,
    0x30, 0x98, 0x7, 0xff, 0xb7, 0x40, 0x39, 0xc0,
    0x3f, 0xfd, 0xce, 0x1, 0xda, 0x1, 0xff, 0xed,
    0x51, 0x0, 0xc2, 0x80, 0x1f, 0xfe, 0xdf, 0x0,
    0xe7, 0x0, 0xff, 0xf7, 0x28, 0x7, 0x68, 0x7,
    0xff, 0xb5, 0x80, 0x3c, 0x80, 0x1f, 0xfe, 0xdd,
    0x0, 0xe5, 0x0, 0xff, 0xf6, 0x8a, 0x0, 0x77,
    0x80, 0x7f, 0xfb, 0x58, 0x3, 0xca, 0x1, 0xff,
    0xed, 0xb0, 0xe, 0x50, 0xf, 0xff, 0x69, 0x18,
    0x7, 0x78, 0x7, 0xff, 0xb6, 0x80, 0x3c, 0xa0,
    0x1f, 0xfe, 0xd5, 0x0, 0xe4, 0x0, 0xff, 0xf6,
    0x99, 0x0, 0x76, 0x80, 0x7f, 0xfb, 0x68, 0x3,
    0xce, 0x1, 0xff, 0xed, 0x70, 0xe, 0x41, 0x0,
    0xff, 0xf6, 0x20, 0x80, 0x76, 0x80, 0x7f, 0xfb,
    0x78, 0x3, 0xce, 0x1, 0xff, 0xed, 0x50, 0xe,
    0x31, 0x0, 0xff, 0xf6, 0x28, 0x7, 0xac, 0x3,
    0xff, 0xdb, 0xc0, 0x1e, 0x50, 0xf, 0xff, 0x60,
    0xa0, 0x7, 0x19, 0x0, 0x7f, 0xfb, 0x1c, 0x3,
    0xd6, 0x1, 0xff, 0xed, 0xa0, 0xf, 0x28, 0x7,
    0xff, 0xb0, 0x4c, 0x3, 0x88, 0x80, 0x1f, 0xfe,
    0xc6, 0x0, 0xf2, 0x80, 0x7f, 0xfb, 0x68, 0x3,
    0xd6, 0x1, 0xff, 0xec, 0x22, 0x0, 0x71, 0x18,
    0x7, 0xff, 0xb2, 0x80, 0x3c, 0xa0, 0x1f, 0xfe,
    0xd6, 0x0, 0xf5, 0x80, 0x7f, 0xfb, 0x10, 0x40,
    0x38, 0x4c, 0x3, 0xff, 0xd9, 0xa0, 0x1e, 0x70,
    0xf, 0xff, 0x6b, 0x80, 0x7b, 0x40, 0x3f, 0xfd,
    0x8a, 0x20, 0x1c, 0x28, 0x1, 0xff, 0xec, 0xf0,
    0xf, 0x38, 0x7, 0xff, 0xb5, 0x40, 0x3d, 0xa0,
    0x1f, 0xfe, 0xc6, 0x0, 0xf9, 0x0, 0x3f, 0xfd,
    0x9a, 0x1, 0xe5, 0x0, 0xff, 0xf6, 0xa, 0x0,
    0x7b, 0xc0, 0x3f, 0xfd, 0x8c, 0x1, 0xf2, 0x80,
    0x7f, 0xfb, 0x2c, 0x3, 0xca, 0x1, 0xff, 0xec,
    0x23, 0x0, 0xf7, 0x80, 0x7f, 0xfb, 0x28, 0x3,
    0xe5, 0x0, 0xff, 0xf6, 0x28, 0x7, 0x90, 0x3,
    0xff, 0xd8, 0x64, 0x1, 0xed, 0x0, 0xff, 0xf6,
    0x50, 0x7, 0xce, 0x1, 0xff, 0xec, 0x70, 0xf,
    0x20, 0x80, 0x7f, 0xfa, 0xd0, 0x40, 0x3d, 0xa0,
    0x1f, 0xfe, 0xce, 0x0, 0xf9, 0xc0, 0x3f, 0xfd,
    0x8a, 0x1, 0xe3, 0x10, 0xf, 0xff, 0x5a, 0x80,
    0x7d, 0x60, 0x1f, 0xfe, 0xce, 0x0, 0xf9, 0x40,
    0x3f, 0xfd, 0x62, 0x80, 0x1e, 0x22, 0x0, 0x7f,
    0xfa, 0xdc, 0x3, 0xea, 0x0, 0xff, 0xf6, 0x50,
    0x7, 0xca, 0x1, 0xff, 0xeb, 0x13, 0x0, 0xf1,
    0x10, 0x3, 0xff, 0xd6, 0xc0, 0x1f, 0x28, 0x7,
    0xff, 0xb2, 0x80, 0x3e, 0xb0, 0xf, 0xff, 0x59,
    0x10, 0x3, 0xc2, 0x60, 0x1f, 0xfe, 0xba, 0x0,
    0xf9, 0x80, 0x3f, 0xfd, 0x8c, 0x1, 0xf5, 0x80,
    0x7f, 0xfa, 0xcc, 0x40, 0x3c, 0x26, 0x1, 0xff,
    0xeb, 0xa0, 0xf, 0x9c, 0x3, 0xff, 0xd8, 0xe0,
    0x1f, 0x68, 0x7, 0xff, 0xad, 0x4, 0x3, 0xc2,
    0x80, 0x1f, 0xfe, 0xbe, 0x0, 0xf9, 0xc0, 0x3f,
    0xfd, 0x8a, 0x1, 0xf6, 0x80, 0x7f, 0xfa, 0xd8,
    0x3, 0xf2, 0x0, 0x7f, 0xfa, 0xf4, 0x3, 0xe5,
    0x0, 0xff, 0xf5, 0x8a, 0x0, 0x7d, 0xe0, 0x1f,
    0xfe, 0xb6, 0x0, 0xfc, 0xa0, 0x1f, 0xfe, 0xbb,
    0x0, 0xf9, 0x40, 0x3f, 0xfd, 0x64, 0x60, 0x1f,
    0x78, 0x7, 0xff, 0xae, 0x80, 0x3f, 0x20, 0x7,
    0xff, 0xad, 0x40, 0x3e, 0x41, 0x0, 0xff, 0xf5,
    0x19, 0x0, 0x7d, 0xa0, 0x1f, 0xfe, 0xba, 0x0,
    0xfc, 0xe0, 0x1f, 0xfe, 0xb7, 0x0, 0xf8, 0xc4,
    0x3, 0xff, 0xd4, 0x82, 0x1, 0xf5, 0x0, 0x7f,
    0xfa, 0xf8, 0x3, 0xf3, 0x80, 0x7f, 0xfa, 0xd4,
    0x3, 0xe3, 0x10, 0xf, 0xff, 0x52, 0x80, 0x7e,
    0xb0, 0xf, 0xff, 0x5f, 0x0, 0x7e, 0x50, 0xf,
    0xff, 0x50, 0xa0, 0x7, 0xc4, 0x40, 0xf, 0xff,
    0x53, 0x80, 0x7e, 0xa0, 0xf, 0xff, 0x5d, 0x0,
    0x7e, 0x50, 0xf, 0xff, 0x50, 0x98, 0x7, 0xc4,
    0x40, 0xf, 0xff, 0x53, 0x0, 0x7e, 0x50, 0xf,
    0xff, 0x5d, 0x0, 0x7e, 0xb0, 0xf, 0xff, 0x51,
    0x10, 0x3, 0xe1, 0x30, 0xf, 0xff, 0x55, 0x0,
    0x7e, 0x60, 0xf, 0xff, 0x5b, 0x0, 0x7e, 0xb0,
    0xf, 0xff, 0x51, 0x88, 0x7, 0xc2, 0x60, 0x1f,
    0xfe, 0xaa, 0x0, 0xfc, 0xe0, 0x1f, 0xfe, 0xb7,
    0x0, 0xfd, 0xa0, 0x1f, 0xfe, 0xa4, 0x10, 0xf,
    0x85, 0x0, 0x3f, 0xfd, 0x5c, 0x1, 0xf9, 0xc0,
    0x3f, 0xfd, 0x6a, 0x1, 0xfb, 0x40, 0x3f, 0xfd,
    0x4a, 0x1, 0xfc, 0x80, 0x1f, 0xfe, 0xae, 0x0,
    0xfc, 0xa0, 0x1f, 0xfe, 0xa1, 0x40, 0xf, 0xde,
    0x1, 0xff, 0xea, 0x60, 0xf, 0xe5, 0x0, 0xff,
    0xf5, 0x58, 0x7, 0xe4, 0x0, 0xff, 0xf5, 0x11,
    0x80, 0x7e, 0xe0, 0xf, 0xff, 0x55, 0x0, 0x7f,
    0x20, 0x7, 0xff, 0xa9, 0x40, 0x3f, 0x20, 0x80,
    0x7f, 0xfa, 0x4c, 0x80, 0x3f, 0x68, 0x7, 0xff,
    0xaa, 0xc0, 0x3f, 0x9c, 0x3, 0xff, 0xd4, 0x20,
    0x1f, 0x90, 0x40, 0x3f, 0xfd, 0x54, 0x60, 0x1e,
    0x4a, 0x0, 0xff, 0xef, 0x0,

    /* U+0038 "8" */
    0x0, 0xff, 0xe9, 0x12, 0xc5, 0xe6, 0xf7, 0xfb,
    0xb7, 0x2e, 0x14, 0x80, 0x3f, 0xfd, 0x2, 0xd7,
    0xfb, 0x4e, 0x86, 0x42, 0x0, 0x12, 0x34, 0x7a,
    0xde, 0x93, 0x0, 0xff, 0xf1, 0xa5, 0xf4, 0xa0,
    0x7, 0xff, 0x14, 0x5b, 0x39, 0xc0, 0x3f, 0xfb,
    0xed, 0xb6, 0x80, 0x1f, 0xfc, 0xb1, 0x8f, 0x81,
    0x0, 0xff, 0xed, 0x2f, 0x49, 0x0, 0x7f, 0xf4,
    0x1f, 0xd4, 0x3, 0xff, 0xae, 0x57, 0x42, 0x1,
    0xfc, 0x6f, 0x37, 0xba, 0xee, 0x6d, 0xcb, 0x10,
    0x7, 0xf0, 0xd5, 0x4, 0x3, 0xff, 0xa8, 0xda,
    0x80, 0x1f, 0x92, 0xbf, 0x21, 0x90, 0x88, 0x22,
    0x24, 0x69, 0xde, 0x81, 0x0, 0xfc, 0xbe, 0x60,
    0x1f, 0xfd, 0x29, 0x90, 0x7, 0xe6, 0xdb, 0x50,
    0xf, 0xfe, 0x10, 0xbf, 0x40, 0x7, 0xe1, 0xc5,
    0x0, 0xff, 0xe7, 0x8e, 0x30, 0x7, 0xc5, 0x92,
    0x40, 0x1f, 0xfc, 0x77, 0xd2, 0x0, 0xfd, 0x4c,
    0x1, 0xff, 0xcd, 0x1c, 0x30, 0xf, 0x9b, 0x4c,
    0x3, 0xff, 0x94, 0x5a, 0x80, 0x1f, 0xa5, 0x40,
    0x3f, 0xf9, 0x63, 0x84, 0x1, 0xf4, 0x48, 0x7,
    0xff, 0x3a, 0xcc, 0x3, 0xf5, 0x18, 0x7, 0xff,
    0x2b, 0x8, 0x3, 0xe8, 0x70, 0xf, 0xfe, 0x86,
    0x88, 0x7, 0xed, 0x10, 0xf, 0xfe, 0x45, 0x10,
    0x7, 0xce, 0xe0, 0xf, 0xfe, 0x88, 0xd8, 0x7,
    0xe1, 0xa0, 0xf, 0xfe, 0x3b, 0x28, 0x7, 0xc7,
    0x0, 0x1f, 0xfd, 0x35, 0x40, 0xf, 0xc8, 0xc0,
    0x1f, 0xfc, 0x53, 0x90, 0xf, 0xdc, 0x1, 0xff,
    0xd5, 0x90, 0xf, 0xe9, 0x10, 0xf, 0xfe, 0x27,
    0x80, 0x7e, 0x72, 0x0, 0xff, 0xea, 0x92, 0x80,
    0x7f, 0x48, 0x7, 0xff, 0xd, 0x8c, 0x3, 0xf4,
    0x80, 0x7f, 0xf5, 0xe4, 0x3, 0xf9, 0xc4, 0x3,
    0xff, 0x85, 0x0, 0x1f, 0x98, 0x40, 0x3f, 0xfa,
    0xe6, 0x40, 0x1f, 0xd2, 0x1, 0xff, 0xc1, 0x71,
    0x0, 0xfd, 0xa0, 0x1f, 0xfd, 0x95, 0x0, 0xfe,
    0x60, 0xf, 0xfe, 0xd, 0x0, 0x7e, 0x14, 0x0,
    0xff, 0xec, 0xe0, 0x7, 0xf0, 0xa0, 0x7, 0xfc,
    0x84, 0x1, 0xf9, 0x40, 0x3f, 0xfb, 0x48, 0x1,
    0xfe, 0xd0, 0xf, 0xfb, 0x40, 0x3f, 0xb0, 0x3,
    0xff, 0xb6, 0x60, 0x1f, 0xce, 0x1, 0xff, 0x38,
    0x7, 0xf1, 0x0, 0x7f, 0xf6, 0xd8, 0x3, 0xf8,
    0x48, 0x3, 0xf8, 0x84, 0x3, 0xf9, 0x80, 0x3f,
    0xfb, 0x7a, 0x1, 0xfe, 0x70, 0xf, 0xe7, 0x0,
    0xff, 0x8, 0x7, 0xff, 0x6c, 0x40, 0x3f, 0xda,
    0x1, 0xfd, 0xa0, 0x1f, 0xe3, 0x0, 0xff, 0xed,
    0x90, 0x7, 0xf8, 0x80, 0x3f, 0x8c, 0x3, 0xff,
    0xcc, 0xe0, 0x1f, 0xe6, 0x0, 0xfe, 0x60, 0xf,
    0xff, 0x30, 0x80, 0x7f, 0x84, 0x3, 0xf8, 0xc0,
    0x3f, 0xc6, 0x1, 0xff, 0xf0, 0x10, 0xf, 0xf0,
    0x80, 0x7f, 0xf9, 0x8c, 0x3, 0xff, 0x90, 0xe0,
    0x1f, 0xfd, 0xb1, 0x0, 0xff, 0xe9, 0x90, 0x7,
    0xff, 0x6d, 0xc0, 0x3f, 0xc6, 0x1, 0xff, 0xc8,
    0xf0, 0xf, 0xfe, 0xd8, 0x80, 0x7f, 0x84, 0x3,
    0xff, 0x90, 0x40, 0x1f, 0xfd, 0xb3, 0x0, 0xff,
    0x30, 0x7, 0xf1, 0x0, 0x7f, 0x94, 0x3, 0xff,
    0xb7, 0xc0, 0x1f, 0xe2, 0x0, 0xfe, 0x60, 0xf,
    0xf0, 0x90, 0x7, 0xff, 0x68, 0xc0, 0x3f, 0xda,
    0x1, 0xfc, 0x40, 0x1f, 0xf2, 0x0, 0x7f, 0xf6,
    0x98, 0x3, 0xfc, 0x80, 0x1f, 0xde, 0x1, 0xff,
    0x68, 0x7, 0xff, 0x68, 0x80, 0x3f, 0x88, 0x40,
    0x3f, 0x94, 0x3, 0xfe, 0x41, 0x0, 0xff, 0xec,
    0x18, 0x7, 0xf9, 0x0, 0x3f, 0xc6, 0x1, 0xff,
    0xc0, 0x70, 0xf, 0xfe, 0xc5, 0x80, 0x7f, 0xa8,
    0x3, 0xfe, 0x40, 0xf, 0xfa, 0xc0, 0x3f, 0xfb,
    0x8, 0x1, 0xfc, 0x46, 0x1, 0xff, 0x68, 0x7,
    0xfc, 0x4a, 0x1, 0xff, 0xd6, 0x13, 0x0, 0xfe,
    0xa0, 0xf, 0xfe, 0x3, 0x80, 0x7f, 0xf0, 0x20,
    0x3, 0xff, 0xac, 0xe0, 0x1f, 0xc2, 0xe0, 0x1f,
    0xfc, 0x1, 0x40, 0xf, 0xf8, 0x9c, 0x3, 0xff,
    0xab, 0x40, 0x1f, 0xd2, 0x1, 0xff, 0xc2, 0xf0,
    0xf, 0xfe, 0x4, 0x10, 0x7, 0xff, 0x4c, 0xcc,
    0x1, 0xf8, 0x5c, 0x3, 0xff, 0x84, 0x84, 0x1,
    0xff, 0xc0, 0xe0, 0xf, 0xfe, 0x9d, 0x0, 0x7f,
    0x58, 0x7, 0xff, 0x12, 0xc0, 0x3f, 0xf8, 0x7,
    0x20, 0x1f, 0xfd, 0x11, 0x60, 0xf, 0xc8, 0xa0,
    0x1f, 0xfc, 0x46, 0x10, 0xf, 0xfe, 0x3, 0x28,
    0x7, 0xff, 0x42, 0x0, 0x3f, 0xd, 0x0, 0x7f,
    0xf1, 0xa0, 0x3, 0xff, 0x83, 0x46, 0x1, 0xff,
    0xce, 0x26, 0x0, 0xfd, 0x42, 0x1, 0xff, 0xc6,
    0x62, 0x0, 0xff, 0xe0, 0xe1, 0x80, 0x7f, 0xf3,
    0x64, 0x3, 0xf4, 0x20, 0x7, 0xff, 0x22, 0x40,
    0x3f, 0xf8, 0x5a, 0x60, 0x1f, 0xfc, 0xb5, 0x40,
    0xf, 0x95, 0xc0, 0x3f, 0xf9, 0x28, 0x80, 0xf,
    0xfe, 0x8, 0xe2, 0x0, 0x7f, 0xf2, 0x4a, 0x80,
    0x3e, 0x3a, 0x0, 0xff, 0xe5, 0xd0, 0x80, 0x7f,
    0xf0, 0xad, 0x40, 0x3f, 0xf9, 0x1c, 0x1, 0xf1,
    0xe0, 0x7, 0xff, 0x30, 0x68, 0x3, 0xff, 0x87,
    0x50, 0x1, 0xff, 0xc6, 0x93, 0x0, 0xf1, 0xe0,
    0x7, 0xff, 0x39, 0x1c, 0x3, 0xff, 0x86, 0xf6,
    0x20, 0x1f, 0xfc, 0x38, 0x60, 0xf, 0x26, 0x0,
    0x7f, 0xf4, 0x21, 0x0, 0x3f, 0xf8, 0x69, 0x86,
    0x1, 0xff, 0xc1, 0x87, 0x0, 0xf2, 0xd8, 0x7,
    0xff, 0x4a, 0x88, 0x3, 0xff, 0x86, 0x58, 0xe0,
    0x1f, 0xf4, 0x38, 0x7, 0xa6, 0x80, 0x3f, 0xfa,
    0x63, 0x82, 0x1, 0xff, 0xc4, 0x8c, 0x20, 0xf,
    0xd6, 0xe0, 0x1c, 0x38, 0xc0, 0x1f, 0xfd, 0x51,
    0xc1, 0x0, 0xff, 0xe2, 0x1e, 0xb0, 0x7, 0x16,
    0xa0, 0x7, 0x27, 0x98, 0x7, 0xff, 0x5c, 0xb0,
    0x40, 0x3f, 0xf8, 0xb3, 0x88, 0x2, 0xfa, 0x40,
    0x18, 0x6a, 0xc4, 0x3, 0xff, 0xb2, 0x5e, 0x40,
    0x1f, 0xfc, 0x53, 0xbf, 0xe8, 0x0, 0xe6, 0xe5,
    0x0, 0xff, 0xee, 0xe, 0xa0, 0x7, 0xff, 0x30,
    0xf2, 0x40, 0x3f, 0xfc, 0x16, 0xc0, 0x1f, 0xfc,
    0xa1, 0xc3, 0x0, 0xff, 0xf1, 0x4d, 0x0, 0x7f,
    0xf2, 0x84, 0x3, 0xff, 0xc8, 0xba, 0x40, 0x1f,
    0xfc, 0x71, 0xd2, 0x0, 0xff, 0xf2, 0x16, 0xb0,
    0x7, 0xff, 0x1c, 0xf5, 0xc0, 0x3f, 0xfc, 0xb2,
    0x80, 0x1f, 0xfc, 0x88, 0xc2, 0x0, 0xff, 0xf2,
    0x18, 0x7, 0xff, 0x24, 0xf5, 0x80, 0x3f, 0xfc,
    0x4c, 0xe0, 0x1f, 0xfc, 0xb9, 0xb1, 0x0, 0xff,
    0xef, 0x1e, 0x48, 0x7, 0xff, 0x35, 0x3c, 0xc0,
    0x3f, 0xfb, 0x63, 0x58, 0x60, 0x19, 0x2f, 0x6d,
    0x0, 0x3f, 0xf8, 0xc3, 0x8c, 0x1, 0xff, 0xd9,
    0x6e, 0x50, 0xe, 0xab, 0x42, 0x4b, 0xb1, 0x0,
    0x7f, 0xf1, 0xa6, 0x40, 0x1f, 0xfd, 0x62, 0xc9,
    0x0, 0xe3, 0xd5, 0x0, 0xe4, 0xd7, 0x0, 0xff,
    0xe3, 0x35, 0x80, 0x7f, 0xf5, 0x1b, 0x4c, 0x3,
    0x97, 0x8, 0x3, 0xf4, 0x69, 0x80, 0x7f, 0xf1,
    0x53, 0x4, 0x3, 0xff, 0xa3, 0x32, 0x0, 0xf3,
    0xd0, 0x7, 0xfc, 0x59, 0x0, 0x1f, 0xfc, 0x53,
    0xc1, 0x0, 0xff, 0xe7, 0xe, 0x30, 0x7, 0xa2,
    0x0, 0x1f, 0xfc, 0x27, 0xd2, 0x0, 0xff, 0xe2,
    0x16, 0x8, 0x7, 0xff, 0x30, 0xbc, 0xc0, 0x3d,
    0xe, 0x1, 0xff, 0xc4, 0x2d, 0x60, 0xf, 0xfe,
    0x21, 0x60, 0x7, 0xff, 0x2d, 0x34, 0x40, 0x3c,
    0xee, 0x0, 0xff, 0xe3, 0xcd, 0x0, 0x7f, 0xf1,
    0xb, 0x0, 0x3f, 0xf9, 0x29, 0x60, 0x1f, 0x2c,
    0x0, 0x7f, 0xf2, 0x57, 0x44, 0x3, 0xff, 0x86,
    0x74, 0x1, 0xff, 0xc7, 0x4b, 0x0, 0xf8, 0xa8,
    0x3, 0xff, 0x96, 0x5e, 0x60, 0x1f, 0xfc, 0x35,
    0x60, 0xf, 0xfe, 0x29, 0xd8, 0x7, 0xef, 0x0,
    0xff, 0xe6, 0x8e, 0x28, 0x7, 0xff, 0xe, 0x4c,
    0x3, 0xff, 0x86, 0x5a, 0x1, 0xfa, 0x48, 0x3,
    0xff, 0x9f, 0x4a, 0x1, 0xff, 0xc3, 0xe0, 0xf,
    0xfe, 0x1f, 0x88, 0x7, 0xc6, 0xc0, 0x1f, 0xfd,
    0x1a, 0x60, 0xf, 0xfe, 0x11, 0x40, 0x7, 0xff,
    0x6, 0x88, 0x3, 0xf7, 0x0, 0x7f, 0xf4, 0xe5,
    0x40, 0x3f, 0xf8, 0x4e, 0x40, 0x1f, 0xf2, 0xa8,
    0x3, 0xf3, 0x10, 0x7, 0xff, 0x52, 0x8c, 0x3,
    0xff, 0x85, 0x0, 0x1f, 0xe1, 0xb0, 0xf, 0xe8,
    0x0, 0xff, 0xeb, 0x69, 0x0, 0x7f, 0xf0, 0x54,
    0xc0, 0x3f, 0xa8, 0x40, 0x3f, 0x30, 0x80, 0x7f,
    0xf5, 0x87, 0x80, 0x3f, 0xf8, 0x52, 0x1, 0xf9,
    0x10, 0x1, 0xfd, 0x60, 0x1f, 0xfd, 0x83, 0x80,
    0xf, 0xfe, 0xa, 0x90, 0x7, 0xd0, 0x1, 0xfc,
    0x84, 0x1, 0xff, 0xd9, 0x73, 0x0, 0xff, 0xe0,
    0xd0, 0x7, 0x94, 0xc0, 0x3f, 0xb8, 0x3, 0xff,
    0xb7, 0xc0, 0x1f, 0xfc, 0x16, 0x0, 0xf4, 0x80,
    0x7f, 0x94, 0x3, 0xff, 0xb6, 0x4c, 0x1, 0xff,
    0xc0, 0x14, 0x0, 0xc6, 0x60, 0xf, 0xe4, 0x0,
    0xff, 0xee, 0xc0, 0x80, 0x7f, 0xf0, 0x34, 0x3,
    0x50, 0x7, 0xfb, 0x40, 0x3f, 0xfb, 0xa3, 0x20,
    0x1f, 0xfc, 0x4, 0x0, 0xce, 0x1, 0xfe, 0x40,
    0xf, 0xfe, 0xf3, 0x80, 0x7f, 0xf0, 0x8, 0x40,
    0x6, 0x20, 0x1f, 0xc2, 0x40, 0x1f, 0xfd, 0xf6,
    0x0, 0xff, 0xe0, 0x20, 0x2, 0xc0, 0x3f, 0xca,
    0x1, 0xff, 0xe0, 0xb0, 0xf, 0xfe, 0x6, 0x80,
    0x10, 0x3, 0xfc, 0x60, 0x1f, 0xfe, 0x2, 0x30,
    0xf, 0xf8, 0xc0, 0x6, 0x1, 0xfe, 0xd0, 0xf,
    0xff, 0xa, 0x0, 0x7f, 0xcc, 0x4, 0x1, 0xff,
    0x30, 0x7, 0xff, 0x86, 0xc0, 0x3f, 0xe3, 0x7,
    0x0, 0xff, 0x88, 0x3, 0xff, 0xc2, 0x60, 0x1f,
    0xf0, 0x81, 0x0, 0x7f, 0xc2, 0x1, 0xff, 0xe2,
    0x30, 0xf, 0xf8, 0x78, 0x3, 0xfc, 0x20, 0x1f,
    0xfe, 0x35, 0x0, 0xff, 0xe0, 0x18, 0x7, 0xf8,
    0xc0, 0x3f, 0xfc, 0x7c, 0x1, 0xff, 0x18, 0x7,
    0xfc, 0x20, 0x1f, 0xfe, 0x33, 0x0, 0xff, 0x8c,
    0x40, 0x3f, 0xfd, 0xcc, 0x1, 0xff, 0xcb, 0x70,
    0xf, 0xff, 0x19, 0x80, 0x7f, 0xc2, 0x1, 0xff,
    0x38, 0x7, 0xff, 0xb8, 0x40, 0x40, 0x3f, 0xfd,
    0xc2, 0x1, 0xfe, 0x30, 0x20, 0xf, 0xf0, 0x80,
    0x7f, 0xfb, 0x9c, 0x38, 0x3, 0xfc, 0x60, 0x1f,
    0xfe, 0xe2, 0x2, 0x0, 0xff, 0x8, 0x7, 0xff,
    0xbb, 0x41, 0x40, 0x3f, 0xe2, 0x0, 0xff, 0xf6,
    0xb8, 0x9, 0x0, 0x7f, 0x98, 0x3, 0xff, 0xc4,
    0x40, 0x1f, 0xc2, 0x40, 0x4, 0x0, 0xff, 0x18,
    0x7, 0xff, 0x89, 0x80, 0x3f, 0x9c, 0x2, 0xc0,
    0xf, 0xf6, 0x0, 0x7f, 0xf8, 0x88, 0x3, 0xfb,
    0x0, 0x25, 0x0, 0xff, 0x28, 0x7, 0xff, 0x8b,
    0xc0, 0x3f, 0x94, 0x3, 0x28, 0x7, 0xf0, 0x90,
    0x7, 0xff, 0x85, 0x40, 0x3f, 0x30, 0x7, 0x70,
    0x7, 0xf9, 0x40, 0x3f, 0xfc, 0x2, 0x60, 0x1f,
    0xa8, 0x3, 0x90, 0x80, 0x3f, 0xac, 0x3, 0xff,
    0xc0, 0x80, 0x1f, 0x8c, 0xc0, 0x1e, 0xb0, 0xf,
    0xe3, 0x10, 0xf, 0xfe, 0xff, 0x0, 0x7e, 0x80,
    0xf, 0x98, 0x80, 0x3f, 0xa4, 0x3, 0xff, 0xbc,
    0x28, 0x1, 0xf1, 0xa0, 0x7, 0xe8, 0x0, 0xfe,
    0x60, 0xf, 0xfe, 0xf4, 0x80, 0x7e, 0xf0, 0xf,
    0xe5, 0x40, 0xf, 0xc2, 0xc0, 0x1f, 0xfd, 0xc1,
    0x70, 0xf, 0x9c, 0xc0, 0x3f, 0xd2, 0x1, 0xfd,
    0x0, 0x1f, 0xfd, 0xcb, 0x0, 0xf8, 0xa0, 0x3,
    0xfe, 0x28, 0x0, 0xfc, 0x32, 0x1, 0xff, 0xda,
    0x45, 0x0, 0xfb, 0x80, 0x3f, 0xf8, 0x2e, 0x80,
    0x1f, 0x99, 0x0, 0x3f, 0xfb, 0x3, 0x40, 0x1f,
    0x39, 0x80, 0x7f, 0xf0, 0xac, 0x80, 0x3f, 0x51,
    0x0, 0x7f, 0xf5, 0xf0, 0x40, 0x3c, 0xb0, 0x1,
    0xff, 0xc4, 0xf1, 0x0, 0xf8, 0x7c, 0x40, 0x3f,
    0xfa, 0xb8, 0x40, 0x1e, 0x3a, 0x0, 0xff, 0xe2,
    0x96, 0x80, 0x7e, 0x2c, 0x10, 0xf, 0xfe, 0x90,
    0xe1, 0x80, 0x78, 0xb4, 0x3, 0xff, 0x8e, 0x78,
    0x20, 0x1f, 0x17, 0x90, 0x7, 0xff, 0x41, 0x3c,
    0xc0, 0x3c, 0x78, 0x20, 0x1f, 0xfc, 0x83, 0xc1,
    0x0, 0xf8, 0x75, 0xc0, 0x3f, 0xf9, 0xa3, 0x36,
    0x20, 0x1e, 0x5c, 0x10, 0xf, 0xfe, 0x51, 0x79,
    0x80, 0x7e, 0x8d, 0x40, 0xf, 0xfe, 0x48, 0xbf,
    0xb0, 0x7, 0xcd, 0x40, 0x1f, 0xfc, 0xd1, 0xc7,
    0x0, 0xfc, 0x57, 0xd0, 0x40, 0x1f, 0xfc, 0x45,
    0xae, 0x81, 0x0, 0xf0, 0xdc, 0x80, 0x7f, 0xf4,
    0x23, 0x4, 0x3, 0xf0, 0xbe, 0xf5, 0xc2, 0xa1,
    0x90, 0x88, 0x8d, 0x1a, 0x73, 0xe9, 0x40, 0x3f,
    0x2f, 0xa0, 0x7, 0xff, 0x48, 0xf9, 0xc0, 0x3f,
    0xc2, 0x8f, 0x57, 0x9b, 0xdc, 0xdc, 0xb9, 0x63,
    0x0, 0xfe, 0x2b, 0xa1, 0x0, 0xff, 0xea, 0xc6,
    0xb0, 0x7, 0xff, 0x48, 0xa7, 0x50, 0x3, 0xff,
    0xb0, 0x53, 0xd0, 0x20, 0x1f, 0xfc, 0xd5, 0xbd,
    0x60, 0xf, 0xfe, 0xe0, 0xbf, 0x63, 0x98, 0x7,
    0xff, 0x18, 0x56, 0x7a, 0x90, 0x3, 0xff, 0xc2,
    0x71, 0x9f, 0x70, 0xc8, 0x42, 0x1, 0xc2, 0x6a,
    0xf5, 0xbd, 0x4c, 0x20, 0x1f, 0xfc, 0xc0,

    /* U+0039 "9" */
    0x0, 0xff, 0xe7, 0x13, 0x4d, 0xef, 0xfd, 0xdb,
    0x72, 0xa4, 0x1, 0xff, 0xe4, 0x18, 0xdd, 0x4b,
    0x21, 0x0, 0x42, 0x48, 0xd5, 0xba, 0x71, 0x0,
    0xff, 0xef, 0x95, 0x73, 0x90, 0x7, 0xff, 0x8,
    0xa3, 0xa8, 0x80, 0x3f, 0xfb, 0x93, 0xaa, 0x1,
    0xff, 0xc8, 0x5d, 0x90, 0xf, 0xfe, 0xca, 0x73,
    0x0, 0x7f, 0xf3, 0x1b, 0x90, 0x3, 0xff, 0xad,
    0x16, 0x20, 0x1f, 0x96, 0x73, 0x7b, 0x72, 0x9c,
    0x80, 0x3f, 0xd, 0xb8, 0x7, 0xff, 0x52, 0x9c,
    0x3, 0xe1, 0x9f, 0xa6, 0x32, 0x12, 0x35, 0x8d,
    0xd2, 0x80, 0x7e, 0x8a, 0x0, 0xff, 0xe9, 0x5a,
    0x80, 0x7c, 0xfc, 0xc0, 0x1f, 0xf1, 0x56, 0x90,
    0x7, 0xcb, 0x40, 0x1f, 0xfd, 0xc, 0x40, 0xf,
    0xaa, 0x0, 0x3f, 0xf8, 0x65, 0xaa, 0x1, 0xf2,
    0xd0, 0x7, 0xff, 0x3b, 0xc, 0x3, 0xeb, 0x50,
    0xf, 0xfe, 0x35, 0x28, 0x7, 0xcb, 0x0, 0x1f,
    0xfc, 0xca, 0x30, 0xf, 0xa5, 0x0, 0x3f, 0xf9,
    0x14, 0x80, 0x1f, 0x3b, 0x0, 0x7f, 0xf2, 0xa1,
    0x40, 0x3e, 0x56, 0x0, 0xff, 0xe5, 0x50, 0x80,
    0x7d, 0x26, 0x1, 0xff, 0xc8, 0x57, 0x0, 0xf8,
    0x6c, 0x3, 0xff, 0x96, 0x36, 0x1, 0xfb, 0x80,
    0x3f, 0xf8, 0xe3, 0x40, 0x1f, 0xa4, 0x40, 0x3f,
    0xf9, 0x8a, 0x60, 0x1f, 0x14, 0x0, 0x7f, 0xf1,
    0xa8, 0x3, 0xf0, 0xb8, 0x7, 0xff, 0x3b, 0xc0,
    0x3f, 0x39, 0x80, 0x7f, 0xf1, 0x15, 0x0, 0x3f,
    0x48, 0x7, 0xff, 0x3c, 0xcc, 0x1, 0xfb, 0xc0,
    0x3f, 0xf8, 0x63, 0x60, 0x1f, 0xcc, 0x1, 0xff,
    0xd0, 0x90, 0xf, 0xc6, 0xa0, 0x1f, 0xfc, 0x28,
    0x10, 0xf, 0xca, 0x20, 0x1f, 0xfd, 0x5, 0x0,
    0xfe, 0x80, 0xf, 0xfe, 0x9, 0x30, 0x7, 0xf7,
    0x80, 0x7f, 0xf4, 0x94, 0x3, 0xf1, 0x28, 0x7,
    0xff, 0x2, 0x0, 0x3f, 0xca, 0x1, 0xff, 0xd2,
    0xe0, 0xf, 0xe8, 0x0, 0xff, 0x89, 0x40, 0x3f,
    0x90, 0x3, 0xff, 0xa6, 0x80, 0x1f, 0xc4, 0x80,
    0x1f, 0xe8, 0x0, 0xff, 0x60, 0x7, 0xff, 0x50,
    0xc0, 0x3f, 0xbc, 0x3, 0xf8, 0x54, 0x3, 0xfc,
    0x80, 0x1f, 0xfd, 0x44, 0x0, 0xfe, 0x41, 0x0,
    0xfc, 0xc0, 0x1f, 0xf1, 0x80, 0x7f, 0xf5, 0x30,
    0x3, 0xfc, 0xc0, 0x1f, 0xa4, 0x3, 0xfc, 0x40,
    0x1f, 0xfd, 0x55, 0x0, 0xff, 0x50, 0x7, 0xc6,
    0x20, 0x1f, 0xe7, 0x0, 0xff, 0xea, 0x88, 0x80,
    0x3f, 0x88, 0x80, 0x1e, 0xa0, 0xf, 0xfb, 0x40,
    0x3f, 0xfa, 0xca, 0x1, 0xfe, 0x40, 0xf, 0x38,
    0x7, 0xfc, 0x40, 0x1f, 0xfd, 0x62, 0x0, 0xff,
    0x68, 0x7, 0x10, 0x80, 0x7f, 0xcc, 0x1, 0xff,
    0xd6, 0xe0, 0xf, 0xf2, 0x0, 0x72, 0x80, 0x7f,
    0xf0, 0x8, 0x3, 0xff, 0xac, 0x40, 0x1f, 0xf2,
    0x80, 0x6c, 0x0, 0xff, 0xe0, 0x8, 0x7, 0xff,
    0x59, 0x80, 0x3f, 0xec, 0x0, 0xca, 0x1, 0xff,
    0x8, 0x7, 0xff, 0x5c, 0x40, 0x3f, 0xe5, 0x0,
    0x84, 0x40, 0x1f, 0xf1, 0x0, 0x7f, 0xf5, 0xc8,
    0x3, 0xfe, 0x30, 0x9, 0x40, 0x3f, 0xf8, 0xe,
    0x1, 0xff, 0xe4, 0x20, 0x1, 0x80, 0x7f, 0xf0,
    0x4, 0x3, 0xff, 0xb0, 0x20, 0x1f, 0xf2, 0x0,
    0x38, 0x3, 0xff, 0x80, 0x60, 0x1f, 0xfe, 0x4f,
    0x0, 0x10, 0x7, 0xff, 0x0, 0x40, 0x3f, 0xfb,
    0x6, 0x1, 0xff, 0x28, 0x1, 0x80, 0x3f, 0xf8,
    0x1e, 0x1, 0xff, 0xd8, 0x10, 0xf, 0xf8, 0x80,
    0x6, 0x1, 0xff, 0xf1, 0x10, 0x0, 0x80, 0x7f,
    0xfc, 0x84, 0x3, 0xff, 0xce, 0xe0, 0x1f, 0xfc,
    0x2, 0x10, 0xf, 0xfe, 0x8, 0x80, 0x7f, 0xf9,
    0x58, 0x3, 0xff, 0xce, 0xe0, 0x1f, 0xfc, 0x2,
    0x0, 0xff, 0xe1, 0x8, 0x7, 0xff, 0x97, 0xc4,
    0x3, 0xff, 0xe6, 0x20, 0x1f, 0xfe, 0x71, 0x0,
    0xff, 0xfa, 0x18, 0x7, 0xff, 0x0, 0xc0, 0x40,
    0x3f, 0xf8, 0x1e, 0x1, 0xff, 0xe5, 0x10, 0x30,
    0xf, 0xfe, 0x0, 0x80, 0x7f, 0xf6, 0x4, 0x3,
    0xff, 0x84, 0xc0, 0x1f, 0xfc, 0x3, 0x0, 0xff,
    0xf2, 0xb8, 0x10, 0x7, 0xff, 0x90, 0x80, 0x3f,
    0xf8, 0x7c, 0x1, 0xff, 0xc0, 0x10, 0xf, 0xfe,
    0xb8, 0x80, 0x7f, 0xf0, 0xcc, 0x3, 0xff, 0x80,
    0xc0, 0x1f, 0xfd, 0x76, 0x0, 0xff, 0xe1, 0xb0,
    0x7, 0xff, 0x0, 0xc0, 0x3f, 0xfa, 0xe6, 0x1,
    0xff, 0xc3, 0x20, 0xf, 0xfe, 0x0, 0x80, 0x7f,
    0xf5, 0xfc, 0x3, 0xff, 0x82, 0xe0, 0x4, 0x0,
    0xff, 0xe0, 0x10, 0x7, 0xff, 0x58, 0x80, 0x3f,
    0xf8, 0x98, 0x1, 0xff, 0xc0, 0x60, 0xf, 0xfe,
    0xb3, 0x0, 0x7f, 0xf1, 0x10, 0x3, 0xff, 0x80,
    0x40, 0x1f, 0xfd, 0x62, 0x0, 0xff, 0xe0, 0x88,
    0x0, 0xc0, 0x3f, 0xf8, 0x1c, 0x1, 0xff, 0xd5,
    0x30, 0xf, 0xfe, 0x11, 0x80, 0x4a, 0x1, 0xff,
    0x18, 0x7, 0xff, 0x55, 0x40, 0x3f, 0xf8, 0x42,
    0x1, 0x70, 0x7, 0xfc, 0xa0, 0x1f, 0xfd, 0x5c,
    0x0, 0xff, 0xe1, 0x78, 0x4, 0x82, 0x1, 0xfe,
    0x11, 0x0, 0x7f, 0xf5, 0x10, 0x3, 0xff, 0x84,
    0x20, 0x19, 0x80, 0x3f, 0xe4, 0x0, 0xff, 0xe9,
    0x90, 0x80, 0x7f, 0xf0, 0x8c, 0x3, 0x50, 0x7,
    0xfd, 0xa0, 0x1f, 0xfd, 0x34, 0x0, 0xff, 0xe1,
    0x88, 0x6, 0x24, 0x0, 0xff, 0x20, 0x7, 0xff,
    0x4f, 0x40, 0x3f, 0xf8, 0x6c, 0x1, 0xd0, 0x1,
    0xfe, 0x31, 0x0, 0xff, 0xe8, 0x8a, 0x0, 0x7f,
    0xf0, 0xc8, 0x3, 0x8d, 0x0, 0x3f, 0xce, 0x1,
    0xff, 0xd1, 0x70, 0xf, 0xfe, 0x5c, 0x0, 0x7f,
    0xa8, 0x3, 0xff, 0xa3, 0x60, 0x1f, 0xfc, 0x32,
    0x0, 0xf8, 0xd4, 0x3, 0xf8, 0xc8, 0x3, 0xff,
    0x9e, 0x84, 0x1, 0xff, 0xc3, 0x60, 0xf, 0xd6,
    0x20, 0x1f, 0xd6, 0x1, 0xff, 0xcf, 0xf0, 0xf,
    0xfe, 0x21, 0x0, 0x7e, 0x1b, 0x0, 0xfe, 0x61,
    0x0, 0xff, 0xe6, 0xa2, 0x0, 0x3f, 0xf8, 0x9e,
    0x1, 0xfc, 0xa8, 0x1, 0xfd, 0x0, 0x1f, 0xfc,
    0xd9, 0x0, 0xff, 0xe2, 0x90, 0x7, 0xfa, 0x88,
    0x3, 0xf3, 0x10, 0x7, 0xff, 0x2e, 0x8, 0x3,
    0xff, 0x8a, 0xc0, 0x1f, 0xe1, 0xf0, 0xf, 0xef,
    0x0, 0xff, 0xe5, 0x23, 0x80, 0x7f, 0xf1, 0x88,
    0x3, 0xfe, 0x2b, 0x0, 0xfc, 0x52, 0x1, 0xff,
    0xc8, 0x2a, 0x0, 0xff, 0xe3, 0x18, 0x7, 0xff,
    0x5, 0x24, 0x3, 0xf3, 0x40, 0x7, 0xff, 0x18,
    0xf0, 0x40, 0x3f, 0xf8, 0xca, 0x1, 0xff, 0xc2,
    0x6a, 0x0, 0xfc, 0xf4, 0x1, 0xff, 0xc4, 0x5c,
    0x10, 0xf, 0xfe, 0x3f, 0x80, 0x7f, 0xf0, 0xd6,
    0xc0, 0x3f, 0x2e, 0xa0, 0x7, 0xff, 0x0, 0xae,
    0x80, 0x3f, 0xf9, 0x2a, 0x1, 0xff, 0xc4, 0x4c,
    0x10, 0xf, 0x8a, 0xf1, 0x84, 0x3, 0xc2, 0xb7,
    0xa8, 0x1, 0xf1, 0x0, 0x7f, 0xf0, 0x8c, 0x3,
    0xff, 0x8a, 0x7e, 0xa0, 0x1f, 0x8e, 0x7b, 0x99,
    0x76, 0xce, 0xe5, 0x20, 0x7, 0xc5, 0xba, 0x40,
    0xf, 0xfe, 0x1, 0x80, 0x7f, 0xf1, 0xc6, 0xac,
    0x80, 0x3f, 0x84, 0xd1, 0x6, 0x20, 0x1f, 0xcf,
    0xa4, 0x2, 0x1, 0xff, 0xc0, 0x40, 0xf, 0xfe,
    0x4a, 0x6c, 0x88, 0x7, 0xff, 0x21, 0x76, 0x0,
    0x27, 0x0, 0xff, 0xe0, 0x60, 0x7, 0xff, 0x2d,
    0xba, 0xd4, 0x3, 0xff, 0x86, 0x4f, 0xb4, 0x40,
    0x18, 0x80, 0x3f, 0xf8, 0x8, 0x1, 0xff, 0xcd,
    0x4a, 0xfb, 0x85, 0x31, 0x0, 0xc4, 0x8d, 0x3b,
    0xa8, 0x20, 0xe, 0x30, 0xf, 0xfe, 0x1, 0x80,
    0x7f, 0xf4, 0x51, 0xeb, 0x3b, 0xff, 0x6d, 0xcb,
    0x10, 0x7, 0xe5, 0x0, 0xff, 0xe0, 0x58, 0x7,
    0xff, 0x9f, 0xc0, 0x3f, 0xf8, 0x8, 0x1, 0xff,
    0xe7, 0x50, 0xf, 0xf8, 0x4c, 0x3, 0xff, 0xce,
    0x60, 0x1f, 0xf3, 0x80, 0x7f, 0xf9, 0xd0, 0x3,
    0xff, 0x81, 0xa0, 0x1f, 0xfe, 0x73, 0x0, 0xff,
    0x85, 0x0, 0x3f, 0xfc, 0xf8, 0x1, 0xff, 0x38,
    0x7, 0xff, 0xa1, 0x40, 0x3f, 0xea, 0x0, 0xff,
    0xf3, 0x98, 0x80, 0x7f, 0x84, 0xc0, 0x3f, 0xfc,
    0xf6, 0x1, 0xff, 0x30, 0x7, 0xff, 0xa1, 0x0,
    0x3f, 0xe9, 0x0, 0xff, 0xf3, 0x89, 0x80, 0x7f,
    0x90, 0x40, 0x3f, 0xfc, 0xe8, 0x1, 0xff, 0x78,
    0x7, 0xff, 0xa3, 0x80, 0x3f, 0xc4, 0x80, 0x1f,
    0xfe, 0x71, 0x40, 0xf, 0xf5, 0x80, 0x7f, 0xfa,
    0x1c, 0x3, 0xfc, 0x2c, 0x1, 0xff, 0xe8, 0xd0,
    0xf, 0xf3, 0x0, 0x7f, 0xfa, 0x5, 0x0, 0x3f,
    0xd2, 0x1, 0xff, 0xe8, 0x90, 0xf, 0xf3, 0x88,
    0x7, 0xff, 0xa1, 0x80, 0x3f, 0xd2, 0x1, 0xff,
    0xe8, 0x51, 0x0, 0xfe, 0x71, 0x0, 0xff, 0xf4,
    0x48, 0x7, 0xf0, 0xc8, 0x7, 0xff, 0xa1, 0xc,
    0x3, 0xfa, 0x44, 0x3, 0xff, 0xd1, 0xe0, 0x1f,
    0xc4, 0xe0, 0x1f, 0xfe, 0x83, 0x40, 0xf, 0xe9,
    0x0, 0xff, 0xf4, 0xf8, 0x7, 0xf2, 0x20, 0x3,
    0xff, 0xd0, 0xa6, 0x1, 0xfd, 0x40, 0x1f, 0xfe,
    0x98, 0x0, 0xfe, 0x91, 0x0, 0xff, 0xf4, 0x39,
    0x0, 0x7e, 0x46, 0x0, 0xff, 0xf4, 0x14, 0x0,
    0x7f, 0x48, 0x7, 0xff, 0xa7, 0x80, 0x3f, 0xa8,
    0x80, 0x3f, 0xfd, 0xe, 0x60, 0x1f, 0x99, 0x40,
    0x3f, 0xfd, 0x7, 0x0, 0x1f, 0x8a, 0x40, 0x3f,
    0xfd, 0x3, 0xa0, 0x1f, 0x87, 0xc0, 0x3f, 0xfd,
    0x3a, 0x20, 0x1f, 0xa8, 0x80, 0x3f, 0xfd, 0x12,
    0x60, 0x1f, 0xa5, 0x0, 0x3f, 0xfd, 0x10, 0xc0,
    0x1f, 0x99, 0x80, 0x1f, 0xfe, 0x86, 0x70, 0xf,
    0xcb, 0x20, 0x1f, 0xfe, 0x86, 0x90, 0xf, 0xcb,
    0x40, 0x1f, 0xfe, 0x87, 0x90, 0xf, 0xc9, 0x40,
    0x1f, 0xfe, 0x88, 0x80, 0x7, 0xe5, 0xb0, 0xf,
    0xff, 0x45, 0x38, 0x7, 0xe5, 0xa0, 0xf, 0xff,
    0x38, 0xe2, 0x80, 0x7e, 0x7a, 0x0, 0xff, 0xf3,
    0xaf, 0x98, 0x7, 0xe9, 0x80, 0xf, 0xff, 0x3c,
    0xd0, 0x80, 0x7c, 0x36, 0xc0, 0x1f, 0xfe, 0x64,
    0xd6, 0x0, 0xfc, 0x7e, 0x80, 0x1f, 0xfe, 0x52,
    0xbb, 0x10, 0x7, 0xe7, 0xc1, 0x0, 0xff, 0xf2,
    0xc, 0xea, 0x0, 0x7e, 0x2b, 0x80, 0xf, 0xff,
    0x20, 0xc7, 0x30, 0x7, 0xf3, 0xea, 0x0, 0x7f,
    0xf8, 0xd2, 0xb9, 0xc0, 0x3f, 0x8f, 0x20, 0x3,
    0xff, 0xc6, 0x9b, 0x6a, 0x1, 0xfc, 0x55, 0x86,
    0x1, 0xff, 0xe3, 0x3b, 0x20, 0xf, 0xe2, 0x9d,
    0x50, 0xf, 0xff, 0x2d, 0x0, 0x7f, 0x1d, 0x6b,
    0x0, 0x7f, 0xf9, 0xc4, 0x3, 0xc2, 0xdb, 0x8a,
    0x1, 0xff, 0xe9, 0x92, 0x0, 0xb, 0x5f, 0x49,
    0x0, 0x7f, 0xfa, 0xc7, 0x76, 0xe9, 0x40, 0xf,
    0xff, 0x28,

    /* U+00B0 "°" */
    0x0, 0xff, 0xe4, 0x9b, 0x4d, 0x5e, 0x65, 0x75,
    0xa, 0x20, 0x1f, 0xfd, 0x91, 0x6c, 0xfc, 0x96,
    0x54, 0x33, 0x91, 0x5e, 0xbb, 0x92, 0x80, 0x1f,
    0xfd, 0x43, 0xbe, 0x93, 0x0, 0xff, 0xe1, 0xb,
    0x5f, 0x38, 0x7, 0xff, 0x40, 0xef, 0x10, 0x3,
    0xff, 0x90, 0x31, 0xce, 0x1, 0xff, 0xcd, 0x9c,
    0x40, 0xf, 0xfe, 0x60, 0xc6, 0x98, 0x7, 0xff,
    0x24, 0xf5, 0x80, 0x3f, 0xfa, 0x5, 0x90, 0x1,
    0xff, 0xc7, 0x6c, 0x20, 0xf, 0xe4, 0x8b, 0xde,
    0xff, 0xba, 0xe5, 0x44, 0x3, 0xf9, 0xe8, 0x3,
    0xff, 0x8b, 0x12, 0x1, 0xf9, 0x2b, 0xed, 0xd0,
    0x84, 0x2, 0x14, 0x6a, 0xec, 0x60, 0xf, 0xcb,
    0x80, 0x1f, 0xfc, 0x38, 0x70, 0xf, 0x8f, 0x2d,
    0x40, 0x3f, 0xf8, 0x47, 0x3c, 0xc0, 0x1f, 0x1e,
    0x0, 0x7f, 0xf0, 0x59, 0xc0, 0x3e, 0x9c, 0x30,
    0xf, 0xfe, 0x30, 0xce, 0x8, 0x7, 0x8e, 0x80,
    0x3f, 0xe4, 0x90, 0xf, 0x16, 0xb0, 0x7, 0xff,
    0x28, 0xfd, 0x0, 0x3c, 0xae, 0x1, 0xfc, 0x34,
    0x1, 0xe3, 0xc2, 0x0, 0xff, 0xe6, 0xd, 0xa8,
    0x7, 0xa0, 0xc0, 0x3f, 0x58, 0x80, 0x71, 0xe0,
    0x80, 0x7f, 0xf3, 0xe9, 0x40, 0x3d, 0xe0, 0x1f,
    0x22, 0x80, 0x71, 0x68, 0x7, 0xff, 0x4a, 0x8c,
    0x3, 0x8d, 0xc0, 0x3d, 0x0, 0x1e, 0xe1, 0x0,
    0xff, 0xe9, 0xe8, 0x80, 0x74, 0x80, 0x72, 0x18,
    0x7, 0x41, 0x80, 0x7f, 0xf5, 0x6, 0xc0, 0x38,
    0x5c, 0x3, 0x40, 0x7, 0x13, 0x80, 0x7f, 0xf5,
    0x95, 0x0, 0x3a, 0x40, 0x22, 0x30, 0xe, 0x80,
    0xf, 0xfe, 0xc4, 0x0, 0x70, 0xa0, 0x1, 0x40,
    0x38, 0x94, 0x3, 0xff, 0xb0, 0x68, 0x1, 0xda,
    0x0, 0xa0, 0xe, 0xa0, 0xf, 0xfe, 0xd7, 0x0,
    0x73, 0x80, 0x90, 0x7, 0x30, 0x7, 0xff, 0x69,
    0x40, 0x38, 0x49, 0x40, 0x38, 0x84, 0x3, 0xff,
    0xb6, 0x60, 0x1c, 0xe6, 0x1, 0xc8, 0x1, 0xff,
    0xdc, 0x40, 0xe, 0xdd, 0x0, 0x77, 0x0, 0x7f,
    0xf7, 0x34, 0x3, 0x8c, 0x40, 0x38, 0xc0, 0x3f,
    0xfb, 0x8c, 0x1, 0xce, 0xe0, 0xe, 0x70, 0xf,
    0xfe, 0xe0, 0x80, 0x70, 0x88, 0x3, 0xff, 0xc4,
    0x60, 0x1c, 0x62, 0x1, 0xff, 0xe9, 0x70, 0xf,
    0xff, 0x11, 0x80, 0x71, 0x88, 0x7, 0x30, 0x7,
    0xff, 0x70, 0x40, 0x38, 0x4c, 0x3, 0x88, 0x3,
    0xff, 0xb8, 0xa0, 0x1c, 0xde, 0x1, 0xda, 0x1,
    0xff, 0xdc, 0xe0, 0xe, 0x25, 0x0, 0xe7, 0x0,
    0xff, 0xee, 0x20, 0x7, 0x69, 0x80, 0x71, 0x10,
    0x3, 0xff, 0xb4, 0x26, 0x1, 0xce, 0x6, 0x1,
    0xca, 0x1, 0xff, 0xda, 0x70, 0xe, 0x22, 0x5,
    0x0, 0x75, 0x0, 0x7f, 0xf6, 0xa8, 0x3, 0x94,
    0x0, 0xe0, 0x1c, 0x4a, 0x1, 0xff, 0xd8, 0x33,
    0x0, 0x75, 0x80, 0x5, 0x0, 0x3a, 0x0, 0x3f,
    0xfb, 0x10, 0x1, 0xc4, 0x60, 0x14, 0x0, 0x71,
    0x38, 0x7, 0xff, 0x59, 0x50, 0x3, 0xa0, 0x3,
    0x1a, 0x0, 0x74, 0x10, 0x7, 0xff, 0x50, 0x6c,
    0x3, 0x89, 0x40, 0x3a, 0x0, 0x3d, 0xe0, 0x1f,
    0xfd, 0x4a, 0x10, 0xe, 0xb0, 0xf, 0x1b, 0x0,
    0x71, 0x58, 0x7, 0xff, 0x4a, 0x50, 0x3, 0x91,
    0x80, 0x3e, 0x92, 0x0, 0xe4, 0xb0, 0xf, 0xfe,
    0x84, 0xb0, 0x7, 0xa4, 0x3, 0xfb, 0x80, 0x3c,
    0x98, 0x20, 0x1f, 0xfc, 0xda, 0x60, 0xf, 0x49,
    0x0, 0x7f, 0x1d, 0x0, 0x78, 0xfd, 0x0, 0x3f,
    0xf9, 0x45, 0x8a, 0x1, 0xe6, 0x60, 0x7, 0xfc,
    0xb0, 0x1, 0xe1, 0xba, 0x10, 0xf, 0xfe, 0x3b,
    0xe9, 0x80, 0x79, 0x24, 0x3, 0xff, 0x82, 0xf0,
    0x1, 0xf2, 0xf4, 0x90, 0x7, 0xff, 0x8, 0x5f,
    0xa0, 0x3, 0xe4, 0xb0, 0xf, 0xfe, 0x1b, 0xc8,
    0x7, 0xe6, 0xdd, 0x42, 0x10, 0x7, 0x84, 0xde,
    0xfa, 0x4, 0x3, 0xe5, 0xb0, 0xf, 0xfe, 0x2b,
    0x58, 0x80, 0x7e, 0x27, 0xbd, 0xfe, 0xdd, 0x77,
    0xf6, 0x42, 0x0, 0x7f, 0x3d, 0x0, 0x7f, 0xf1,
    0xd3, 0xd4, 0x3, 0xff, 0x80, 0x24, 0x41, 0x0,
    0xff, 0xe0, 0xd, 0xc0, 0x7, 0xff, 0x24, 0x6a,
    0xc8, 0x3, 0xff, 0x9a, 0xdc, 0x80, 0x1f, 0xfc,
    0xc4, 0xda, 0x20, 0xf, 0xfe, 0x4b, 0x74, 0x80,
    0x7f, 0xf4, 0x17, 0x71, 0xc4, 0x3, 0xff, 0x86,
    0x93, 0xd2, 0x20, 0x1f, 0xfd, 0x33, 0x8e, 0xda,
    0x63, 0x21, 0x0, 0x9, 0x1a, 0xc5, 0xf5, 0xb0,
    0x80, 0x7f, 0xf1, 0x0
};


/*---------------------
 *  GLYPH DESCRIPTION
 *--------------------*/

static const lv_font_fmt_txt_glyph_dsc_t glyph_dsc[] = {
    {.bitmap_index = 0, .adv_w = 0, .box_w = 0, .box_h = 0, .ofs_x = 0, .ofs_y = 0} /* id = 0 reserved */,
    {.bitmap_index = 0, .adv_w = 1775, .box_w = 101, .box_h = 139, .ofs_x = 5, .ofs_y = -2},
    {.bitmap_index = 2423, .adv_w = 653, .box_w = 22, .box_h = 50, .ofs_x = 9, .ofs_y = -32},
    {.bitmap_index = 2726, .adv_w = 1293, .box_w = 51, .box_h = 7, .ofs_x = 15, .ofs_y = 49},
    {.bitmap_index = 2757, .adv_w = 641, .box_w = 20, .box_h = 20, .ofs_x = 10, .ofs_y = -2},
    {.bitmap_index = 2868, .adv_w = 1384, .box_w = 74, .box_h = 139, .ofs_x = 6, .ofs_y = -2},
    {.bitmap_index = 4413, .adv_w = 749, .box_w = 45, .box_h = 138, .ofs_x = 0, .ofs_y = 0},
    {.bitmap_index = 4815, .adv_w = 1215, .box_w = 69, .box_h = 137, .ofs_x = 3, .ofs_y = 0},
    {.bitmap_index = 6123, .adv_w = 1116, .box_w = 62, .box_h = 139, .ofs_x = 3, .ofs_y = -2},
    {.bitmap_index = 7462, .adv_w = 1182, .box_w = 71, .box_h = 136, .ofs_x = 1, .ofs_y = -1},
    {.bitmap_index = 8342, .adv_w = 1149, .box_w = 66, .box_h = 142, .ofs_x = 1, .ofs_y = -2},
    {.bitmap_index = 9488, .adv_w = 1215, .box_w = 65, .box_h = 140, .ofs_x = 6, .ofs_y = -2},
    {.bitmap_index = 10901, .adv_w = 1095, .box_w = 65, .box_h = 136, .ofs_x = 3, .ofs_y = 0},
    {.bitmap_index = 11754, .adv_w = 1302, .box_w = 72, .box_h = 139, .ofs_x = 5, .ofs_y = -2},
    {.bitmap_index = 13489, .adv_w = 1209, .box_w = 65, .box_h = 140, .ofs_x = 4, .ofs_y = -2},
    {.bitmap_index = 14899, .adv_w = 1281, .box_w = 54, .box_h = 54, .ofs_x = 13, .ofs_y = 84}
};

/*---------------------
 *  CHARACTER MAPPING
 *--------------------*/

static const uint16_t unicode_list_0[] = {
    0x0, 0x7, 0x8, 0x9, 0xb, 0xc, 0xd, 0xe,
    0xf, 0x10, 0x11, 0x12, 0x13, 0x14, 0x8b
};

/*Collect the unicode lists and glyph_id offsets*/
static const lv_font_fmt_txt_cmap_t cmaps[] =
{
    {
        .range_start = 37, .range_length = 140, .glyph_id_start = 1,
        .unicode_list = unicode_list_0, .glyph_id_ofs_list = NULL, .list_length = 15, .type = LV_FONT_FMT_TXT_CMAP_SPARSE_TINY
    }
};

/*-----------------
 *    KERNING
 *----------------*/


/*Map glyph_ids to kern left classes*/
static const uint8_t kern_left_class_mapping[] =
{
    0, 0, 0, 1, 0, 2, 3, 0,
    4, 5, 4, 6, 7, 8, 9, 0
};

/*Map glyph_ids to kern right classes*/
static const uint8_t kern_right_class_mapping[] =
{
    0, 0, 1, 2, 1, 0, 0, 3,
    4, 5, 6, 2, 7, 0, 0, 0
};

/*Kern values between classes*/
static const int8_t kern_class_values[] =
{
    0, 0, 0, -35, 0, -73, -54, 0,
    0, -12, 0, 0, 0, -35, 0, 0,
    0, 0, 0, 0, -35, -62, 0, 0,
    0, 0, 0, -35, -19, 0, 0, 0,
    0, 0, -27, -23, 0, 0, 0, 0,
    0, 0, -116, -42, 0, 0, -92, -39,
    0, -31, 0, 0, 0, 0, 0, 0,
    -96, 0, -15, 0, -23, -35, -31
};


/*Collect the kern class' data in one place*/
static const lv_font_fmt_txt_kern_classes_t kern_classes =
{
    .class_pair_values   = kern_class_values,
    .left_class_mapping  = kern_left_class_mapping,
    .right_class_mapping = kern_right_class_mapping,
    .left_class_cnt      = 9,
    .right_class_cnt     = 7,
};

/*--------------------
 *  ALL CUSTOM DATA
 *--------------------*/

#if LVGL_VERSION_MAJOR == 8
/*Store all the custom data of the font*/
static  lv_font_fmt_txt_glyph_cache_t cache;
#endif

#if LVGL_VERSION_MAJOR >= 8
static const lv_font_fmt_txt_dsc_t font_dsc = {
#else
static lv_font_fmt_txt_dsc_t font_dsc = {
#endif
    .glyph_bitmap = glyph_bitmap,
    .glyph_dsc = glyph_dsc,
    .cmaps = cmaps,
    .kern_dsc = &kern_classes,
    .kern_scale = 25,
    .cmap_num = 1,
    .bpp = 4,
    .kern_classes = 1,
    .bitmap_format = 1,
#if LVGL_VERSION_MAJOR == 8
    .cache = &cache
#endif
};



/*-----------------
 *  PUBLIC FONT
 *----------------*/

/*Initialize a public general font descriptor*/
#if LVGL_VERSION_MAJOR >= 8
const lv_font_t font_instrument_serif_hero = {
#else
lv_font_t font_instrument_serif_hero = {
#endif
    .get_glyph_dsc = lv_font_get_glyph_dsc_fmt_txt,    /*Function pointer to get glyph's data*/
    .get_glyph_bitmap = lv_font_get_bitmap_fmt_txt,    /*Function pointer to get glyph's bitmap*/
    .line_height = 172,          /*The maximum line height required by the font*/
    .base_line = 32,             /*Baseline measured from the bottom of the line*/
#if !(LVGL_VERSION_MAJOR == 6 && LVGL_VERSION_MINOR == 0)
    .subpx = LV_FONT_SUBPX_NONE,
#endif
#if LV_VERSION_CHECK(7, 4, 0) || LVGL_VERSION_MAJOR >= 8
    .underline_position = -34,
    .underline_thickness = 7,
#endif
    .dsc = &font_dsc,          /*The custom font data. Will be accessed by `get_glyph_bitmap/dsc` */
#if LV_VERSION_CHECK(8, 2, 0) || LVGL_VERSION_MAJOR >= 9
    .fallback = NULL,
#endif
    .user_data = NULL,
};



#endif /*#if FONT_INSTRUMENT_SERIF_HERO*/

